Date ,Open ,High ,Low ,Close ,Shares Traded ,Turnover (₹ Cr),India VIX ,STT rate,Avg Share price,Trading Volume
02-Jan-23,18131.7,18215.15,18086.5,18197.45,256073979,11793.06,14.685,0.05,18150.825,0.649725839
03-Jan-23,18163.2,18251.95,18149.8,18232.55,208699772,13680.91,14.385,0.05,18200.875,0.751662214
04-Jan-23,18230.65,18243,18020.6,18042.95,235162202,16687.71,15.1975,0.05,18131.8,0.920355949
05-Jan-23,18101.95,18120.3,17892.6,17992.15,269949738,22108.53,14.9825,0.05,18006.45,1.227811701
06-Jan-23,18008.05,18047.4,17795.55,17859.45,238220578,17495.25,15.025,0.05,17921.475,0.97621708
09-Jan-23,17952.55,18141.4,17936.15,18101.2,257237669,19916.16,14.6525,0.05,18038.775,1.104074972
10-Jan-23,18121.3,18127.6,17856,17914.15,283277918,20570.3,15.51,0.05,17991.8,1.143315288
11-Jan-23,17924.25,17976.35,17824.35,17895.7,259853294,20204.33,15.435,0.05,17900.35,1.12871145
12-Jan-23,17920.85,17945.8,17761.65,17858.2,227769060,19762.43,15.275,0.05,17853.725,1.106907942
13-Jan-23,17867.5,17999.35,17774.25,17956.6,256700729,21341.7,14.46,0.05,17886.8,1.19315361
16-Jan-23,18033.15,18049.65,17853.65,17894.85,206195816,16728.37,15.0225,0.05,17951.65,0.93185696
17-Jan-23,17922.8,18072.05,17886.95,18053.3,219055125,17461.09,14.59,0.05,17979.5,0.971166606
18-Jan-23,18074.3,18183.75,18032.45,18165.35,255840928,20500.07,14.3725,0.05,18108.1,1.132093925
19-Jan-23,18119.8,18155.2,18063.75,18107.85,237833991,18413.13,13.96,0.05,18109.475,1.016767742
20-Jan-23,18115.6,18145.45,18016.2,18027.65,237225269,19519.96,13.7875,0.05,18080.825,1.079594543
23-Jan-23,18118.45,18162.6,18063.45,18118.55,202460434,17060.12,13.6175,0.05,18113.025,0.941870284
24-Jan-23,18183.95,18201.25,18078.65,18118.3,216910302,19705.91,13.6575,0.05,18139.95,1.086326589
25-Jan-23,18093.35,18100.6,17846.15,17891.95,257227052,20890.56,14.655,0.05,17973.375,1.162305911
27-Jan-23,17877.2,17884.75,17493.55,17604.35,476342611,40104.83,17.32,0.05,17689.15,2.267199385
30-Jan-23,17541.95,17709.15,17405.55,17648.95,432434028,38159.88,17.71,0.05,17557.35,2.173441892
31-Jan-23,17731.45,17735.7,17537.55,17662.15,398338541,35023.7,16.875,0.05,17636.625,1.985850467
01-Feb-23,17811.6,17972.2,17353.4,17616.3,512870802,38486.19,16.78,0.05,17662.8,2.178940485
02-Feb-23,17517.1,17653.9,17445.95,17610.4,490113567,37639.96,15.7325,0.05,17549.925,2.144736231
03-Feb-23,17721.75,17870.3,17584.2,17854.05,424123037,34503.67,14.3975,0.05,17727.25,1.946363367
06-Feb-23,17818.55,17823.7,17698.35,17764.6,282544790,21864.88,14.6875,0.05,17761.025,1.231059581
07-Feb-23,17790.1,17811.15,17652.55,17721.5,354395693,23611.08,14.125,0.05,17731.85,1.33156326
08-Feb-23,17750.3,17898.7,17744.15,17871.7,290994265,23733.4,13.595,0.05,17821.425,1.331734135
09-Feb-23,17885.5,17916.9,17779.8,17893.45,260854055,21529.97,13.04,0.05,17848.35,1.206272288
10-Feb-23,17847.55,17876.95,17801,17856.5,231991834,17063.99,12.745,0.05,17838.975,0.956556641
13-Feb-23,17859.1,17880.7,17719.75,17770.9,231276483,17406.31,13.68,0.05,17800.225,0.977870224
14-Feb-23,17840.35,17954.55,17800.05,17929.85,244512944,20579.8,13.4525,0.05,17877.3,1.15116936
15-Feb-23,17896.6,18034.1,17853.8,18015.85,229273800,21457.34,12.86,0.05,17943.95,1.195798027
16-Feb-23,18094.75,18134.75,18000.65,18035.85,230246175,18891.55,12.89,0.05,18067.7,1.045597946
17-Feb-23,17974.85,18034.25,17884.6,17944.2,208053929,16998.33,13.085,0.05,17959.425,0.946485202
20-Feb-23,17965.55,18004.35,17818.4,17844.6,174563233,14729.07,13.3825,0.05,17911.375,0.822330502
21-Feb-23,17905.8,17924.9,17800.3,17826.7,198248205,15593.09,14.0075,0.05,17862.6,0.872946268
22-Feb-23,17755.35,17772.5,17529.45,17554.3,204021979,17162.09,15.5875,0.05,17650.975,0.972302663
23-Feb-23,17574.65,17620.05,17455.4,17511.25,240807918,19313.68,15.075,0.05,17537.725,1.101264845
24-Feb-23,17591.35,17599.75,17421.8,17465.8,209406363,16100.18,14.185,0.05,17510.775,0.919444171
27-Feb-23,17428.6,17451.6,17299,17392.7,246448847,16638.41,13.875,0.05,17375.3,0.957589797
28-Feb-23,17383.25,17440.45,17255.2,17303.95,420881259,32959.77,14.02,0.05,17347.825,1.899936736
01-Mar-23,17360.1,17467.75,17345.25,17450.9,272881409,19784.53,12.995,0.05,17406.5,1.136617356
02-Mar-23,17421.5,17445.8,17306,17321.9,310669094,22068.68,12.97,0.05,17375.9,1.270074068
03-Mar-23,17451.25,17644.75,17427.7,17594.35,356169518,24143.96,12.18,0.05,17536.225,1.376804871
06-Mar-23,17680.35,17799.95,17671.95,17711.45,362801096,26959.41,12.2675,0.05,17735.95,1.520043189
08-Mar-23,17665.75,17766.5,17602.25,17754.4,267041402,23155.56,12.45,0.05,17684.375,1.309379608
09-Mar-23,17772.05,17772.35,17573.6,17589.6,262352056,21964.17,12.725,0.05,17672.975,1.242811128
10-Mar-23,17443.8,17451.5,17324.35,17412.9,235927570,19794.73,13.4125,0.05,17387.925,1.138418184
13-Mar-23,17421.9,17529.9,17113.45,17154.3,254914657,22860.67,16.215,0.05,17321.675,1.319772482
14-Mar-23,17160.55,17224.65,16987.1,17043.3,290604200,26057.6,16.2175,0.05,17105.875,1.523312897
15-Mar-23,17166.45,17211.35,16938.9,16972.15,248188970,22659.09,16.295,0.05,17075.125,1.327023375
16-Mar-23,16994.65,17062.45,16850.15,16985.6,349820607,24198.71,16.2175,0.05,16956.3,1.427122073
17-Mar-23,17111.8,17145.8,16958.15,17100.05,408121255,30478.42,14.7675,0.05,17051.975,1.787383573
20-Mar-23,17066.6,17066.6,16828.35,16988.4,241777405,21454.09,16.0075,0.05,16947.475,1.265916604
21-Mar-23,17060.4,17127.7,17016,17107.5,246737873,22039.11,15.0825,0.05,17071.85,1.290962022
22-Mar-23,17177.45,17207.25,17107.85,17151.9,185700457,15712,14.8075,0.05,17157.55,0.915748461
23-Mar-23,17097.4,17205.4,17045.3,17076.9,219171517,19676.97,14.49,0.05,17125.35,1.148996663
24-Mar-23,17076.2,17109.45,16917.35,16945.05,228038299,19019.88,15.24,0.05,17013.4,1.117935275
27-Mar-23,16984.3,17091,16918.55,16985.7,218418670,18466.56,15.445,0.05,17004.775,1.085963207
28-Mar-23,17031.75,17061.75,16913.75,16951.7,238840919,20942.5,15.1,0.05,16987.75,1.232800106
29-Mar-23,16977.3,17126.15,16940.6,17080.7,345911087,27261.74,13.6275,0.05,17033.375,1.600489627
31-Mar-23,17210.35,17381.6,17204.65,17359.75,263889033,24970.98,12.935,0.05,17293.125,1.443983086
03-Apr-23,17427.95,17428.05,17312.75,17398.05,230170687,20359.58,12.585,0.0625,17370.4,1.172084696
05-Apr-23,17422.3,17570.55,17402.7,17557.05,248345193,23911.75,12.4125,0.0625,17486.625,1.367430822
06-Apr-23,17533.85,17638.7,17502.85,17599.15,242708337,23543.21,11.7975,0.0625,17570.775,1.339907318
10-Apr-23,17634.9,17694.1,17597.95,17624.05,254819382,21092.06,12.2725,0.0625,17646.025,1.195286757
11-Apr-23,17704.8,17748.75,17655.15,17722.3,304263454,25841.64,11.975,0.0625,17701.95,1.459818834
12-Apr-23,17759.55,17825.75,17717.25,17812.4,232816318,22851.93,12.2725,0.0625,17771.5,1.285875137
13-Apr-23,17807.3,17842.15,17729.65,17828,285764798,26460.2,11.9075,0.0625,17785.9,1.487706554
17-Apr-23,17863,17863,17574.05,17706.85,357401212,35118.57,12.265,0.0625,17718.525,1.982025592
18-Apr-23,17766.6,17766.6,17610.2,17660.15,258856690,23032.99,12.075,0.0625,17688.4,1.302152258
19-Apr-23,17653.35,17666.15,17579.85,17618.75,281463379,21562.08,12.1525,0.0625,17623,1.223519265
20-Apr-23,17638.6,17684.45,17584.35,17624.45,215103396,19457.45,11.94,0.0625,17634.4,1.103380325
21-Apr-23,17639.75,17663.2,17553.95,17624.05,230156645,19091.44,11.63,0.0625,17608.575,1.084212663
24-Apr-23,17707.55,17754.5,17612.5,17743.4,255740393,23142.94,11.6675,0.0625,17683.5,1.308730738
25-Apr-23,17761.55,17807.45,17716.85,17769.25,297445999,28819.53,11.52,0.0625,17762.15,1.622524863
26-Apr-23,17767.3,17827.75,17711.2,17813.6,233008677,21295.14,11.6525,0.0625,17769.475,1.198411321
27-Apr-23,17813.1,17931.6,17797.9,17915.05,241434660,24454.15,11.425,0.0625,17864.75,1.36884927
28-Apr-23,17950.4,18089.15,17885.3,18065,290263674,27026.12,10.9475,0.0625,17987.225,1.502517481
02-May-23,18124.8,18180.25,18101.75,18147.65,265216308,23615.47,11.8975,0.0625,18141,1.301773331
03-May-23,18113.8,18116.35,18042.4,18089.85,226171254,19079.79,11.84,0.0625,18079.375,1.055334601
04-May-23,18081,18267.45,18066.7,18255.8,226643581,21889.48,11.7325,0.0625,18167.075,1.204898422
05-May-23,18117.3,18216.95,18055.45,18069,239702311,26152.88,12.295,0.0625,18136.2,1.442026444
08-May-23,18120.6,18286.95,18100.3,18264.4,228399379,22687.94,12.635,0.0625,18193.625,1.247026912
09-May-23,18303.4,18344.2,18229.65,18265.95,245368649,23478.06,12.6775,0.0625,18286.925,1.2838714
10-May-23,18313.6,18326.75,18211.95,18315.1,220450874,21416.41,13.0825,0.0625,18269.35,1.172259002
11-May-23,18357.8,18389.7,18270.4,18297,248932544,26440.1,13.215,0.0625,18330.05,1.442445602
12-May-23,18273.75,18342.75,18194.55,18314.8,241702589,22046.04,12.8525,0.0625,18268.65,1.206768973
15-May-23,18339.3,18458.9,18287.9,18398.85,216088535,19329.75,13.1725,0.0625,18373.4,1.052050791
16-May-23,18432.35,18432.35,18264.35,18286.5,219490491,21063.78,13.2925,0.0625,18348.35,1.147993144
17-May-23,18300.45,18309,18115.35,18181.75,229898510,20903.12,13.105,0.0625,18212.175,1.147755279
18-May-23,18287.5,18297.2,18104.85,18129.95,272103515,24172.44,12.795,0.0625,18201.025,1.328081248
19-May-23,18186.15,18218.1,18060.4,18203.4,260898407,22105.67,12.3025,0.0625,18139.25,1.21866505
22-May-23,18201.1,18335.25,18178.85,18314.4,262560942,25147.58,12.57,0.0625,18257.05,1.377417491
23-May-23,18362.9,18419.75,18324.2,18348,270354216,28648.15,12.605,0.0625,18371.975,1.559339701
24-May-23,18294.8,18392.6,18262.95,18285.4,232621507,24273.17,13.1125,0.0625,18327.775,1.324392623
25-May-23,18268.9,18338.1,18202.4,18321.15,235915651,22411.41,12.52,0.0625,18270.25,1.226661376
26-May-23,18368.35,18508.55,18333.15,18499.35,198668359,19094.08,11.9,0.0625,18420.85,1.036547173
29-May-23,18619.15,18641.2,18581.25,18598.65,265323978,19237.57,12.2975,0.0625,18611.225,1.033654152
30-May-23,18606.65,18662.45,18575.5,18633.85,234391323,21660.69,12.01,0.0625,18618.975,1.163366404
31-May-23,18594.2,18603.9,18483.85,18534.4,696495765,70755.08,11.9725,0.0625,18543.875,3.815549878
01-Jun-23,18579.4,18580.3,18464.55,18487.75,265630759,24056.99,11.5975,0.0625,18522.425,1.298803477
02-Jun-23,18550.85,18573.7,18478.4,18534.1,270923679,23171.88,11.125,0.0625,18526.05,1.250772831
05-Jun-23,18612,18640.15,18582.8,18593.85,256111496,20369.16,11.1375,0.0625,18611.475,1.09444093
06-Jun-23,18600.8,18622.75,18531.6,18599,220789926,21957.47,11.38,0.0625,18577.175,1.181959582
07-Jun-23,18665.6,18738.95,18636,18726.4,260109671,21482.77,11.4425,0.0625,18687.475,1.149581203
08-Jun-23,18725.35,18777.9,18615.6,18634.55,286468927,22762.3,11.2575,0.0625,18696.75,1.217446882
09-Jun-23,18655.9,18676.65,18555.4,18563.4,221760885,20181.42,11.12,0.0625,18616.025,1.084088574
12-Jun-23,18595.05,18633.6,18559.75,18601.5,179463966,15386.04,11.245,0.0625,18596.675,0.827354352
13-Jun-23,18631.8,18728.9,18631.8,18716.15,233167883,22612.62,11.11,0.0625,18680.35,1.210503015
14-Jun-23,18744.6,18769.7,18690,18755.9,261354575,19520.08,11.1625,0.0625,18729.85,1.042190941
15-Jun-23,18774.45,18794.1,18669.05,18688.1,263004991,24820.77,11.08,0.0625,18731.575,1.325076509
16-Jun-23,18723.3,18864.7,18710.5,18826,272771256,28877.67,10.84,0.0625,18787.6,1.537060082
19-Jun-23,18873.3,18881.45,18719.15,18755.45,219815214,22699.84,11.225,0.0625,18800.3,1.207419031
20-Jun-23,18752.35,18839.7,18660.65,18816.7,211649257,19687.08,11.1325,0.0625,18750.175,1.0499678
21-Jun-23,18849.4,18875.9,18794.85,18856.85,217481345,19102.48,11.2925,0.0625,18835.375,1.014181029
22-Jun-23,18853.6,18886.6,18759.5,18771.25,252697871,24990.87,11.5475,0.0625,18823.05,1.327673783
23-Jun-23,18741.85,18756.4,18647.1,18665.5,210562119,20619.6,11.235,0.0625,18701.75,1.102549227
26-Jun-23,18682.35,18722.05,18646.7,18691.2,171271325,17355.14,11.395,0.0625,18684.375,0.928858471
27-Jun-23,18748.55,18829.25,18714.25,18817.4,222464605,21415.89,10.7775,0.0625,18771.75,1.140857405
28-Jun-23,18908.15,19011.25,18861.35,18972.1,398782019,37356.94,10.8875,0.0625,18936.3,1.972768703
30-Jun-23,19076.85,19201.7,19024.6,19189.05,247906587,26376.62,10.8,0.0625,19113.15,1.380024747
03-Jul-23,19246.5,19345.1,19234.4,19322.55,226050219,22681.54,11.54,0.0625,19289.75,1.175833798
04-Jul-23,19406.6,19434.15,19300,19389,226916635,26634.06,11.7,0.0625,19367.075,1.375223672
05-Jul-23,19405.95,19421.6,19339.6,19398.5,224418797,24699.24,11.8825,0.0625,19380.6,1.274431132
06-Jul-23,19385.7,19512.2,19373,19497.3,268261285,28540.18,11.84,0.0625,19442.6,1.467919928
07-Jul-23,19422.8,19523.6,19303.6,19331.8,237102566,23089.25,11.5325,0.0625,19413.6,1.189333766
10-Jul-23,19400.35,19435.85,19327.1,19355.9,268246132,25991.55,11.4625,0.0625,19381.475,1.341051184
11-Jul-23,19427.1,19515.1,19406.45,19439.4,251263638,26883.78,11.0125,0.0625,19460.775,1.381434193
12-Jul-23,19497.45,19507.7,19361.75,19384.3,327941559,40163.14,10.935,0.0625,19434.725,2.066565902
13-Jul-23,19495.2,19567,19385.8,19413.75,310442517,27244.56,10.9375,0.0625,19476.4,1.39884989
14-Jul-23,19493.45,19595.35,19433.5,19564.5,291165841,25484.44,10.6825,0.0625,19514.425,1.305928307
17-Jul-23,19612.15,19731.85,19562.95,19711.45,268707894,25975.57,11.315,0.0625,19647.4,1.322086892
18-Jul-23,19787.5,19819.45,19690.2,19749.25,286353897,33269.08,11.71,0.0625,19754.825,1.684098948
19-Jul-23,19802.95,19851.7,19727.45,19833.15,259660464,26447.9,11.6,0.0625,19789.575,1.33645619
20-Jul-23,19831.7,19991.85,19758.4,19979.15,274698867,30622.66,11.785,0.0625,19875.125,1.540753077
21-Jul-23,19800.45,19887.4,19700,19745,312461795,33802.14,11.485,0.0625,19793.7,1.707722154
24-Jul-23,19748.45,19782.75,19658.3,19672.35,265562151,24522.29,11.6525,0.0625,19720.525,1.243490729
25-Jul-23,19729.35,19729.35,19615.95,19680.6,369653496,29665.67,10.2425,0.0625,19672.65,1.507965119
26-Jul-23,19733.35,19825.6,19716.7,19778.3,244747425,23023.86,10.4575,0.0625,19771.15,1.164517997
27-Jul-23,19850.9,19867.55,19603.55,19659.9,334891351,35019.13,10.5125,0.0625,19735.55,1.774418752
28-Jul-23,19659.75,19695.9,19563.1,19646.05,258671382,22995.98,10.135,0.0625,19629.5,1.171501057
31-Jul-23,19666.35,19772.75,19597.6,19753.8,295053318,23075.38,10.4125,0.0625,19685.175,1.172221227
01-Aug-23,19784,19795.6,19704.6,19733.55,298048161,24554.71,10.2825,0.0625,19750.1,1.243270161
02-Aug-23,19655.4,19678.25,19423.55,19526.55,290666798,23997.47,11.2775,0.0625,19550.9,1.227435566
03-Aug-23,19463.75,19537.65,19296.45,19381.65,315688612,29899.38,11.185,0.0625,19417.05,1.539851831
04-Aug-23,19462.8,19538.85,19436.45,19517,280799561,28086.15,10.5725,0.0625,19487.65,1.441228162
07-Aug-23,19576.85,19620.45,19524.8,19597.3,216586074,21655.87,11.1025,0.0625,19572.625,1.106436669
08-Aug-23,19627.2,19634.4,19533.1,19570.85,260294052,25437.47,11.325,0.0625,19583.75,1.298907002
09-Aug-23,19578.8,19645.5,19467.5,19632.55,266495074,23201.75,11.14,0.0625,19556.5,1.186395827
10-Aug-23,19605.55,19623.6,19495.4,19543.1,312193785,29430.34,11.4,0.0625,19559.5,1.504657072
11-Aug-23,19554.25,19557.75,19412.75,19428.3,235524048,24521.24,11.5225,0.0625,19485.25,1.258451393
14-Aug-23,19383.95,19465.85,19257.9,19434.55,243850815,22767.43,11.995,0.0625,19361.875,1.175889732
16-Aug-23,19369,19482.75,19317.2,19465,226627230,21484.66,12.125,0.0625,19399.975,1.107458128
17-Aug-23,19450.55,19461.55,19326.25,19365.25,268663456,26505.65,12.24,0.0625,19393.9,1.366700354
18-Aug-23,19301.75,19373.8,19253.6,19310.15,256142364,25641.41,12.1425,0.0625,19313.7,1.327628057
21-Aug-23,19320.65,19425.95,19296.3,19393.6,262589133,20738.75,11.96,0.0625,19361.125,1.071154181
22-Aug-23,19417.1,19443.5,19381.3,19396.45,208704354,20226.48,11.7475,0.0625,19412.4,1.041936082
23-Aug-23,19439.2,19472.05,19366.6,19444,225214991,20167.16,11.7275,0.0625,19419.325,1.038509835
24-Aug-23,19535.15,19584.45,19369,19386.7,268256859,24338.24,11.7,0.0625,19476.725,1.249606389
25-Aug-23,19297.4,19339.55,19229.7,19265.8,466518217,24998.12,12.0825,0.0625,19284.625,1.29627203
28-Aug-23,19298.35,19366.85,19249.7,19306.05,248178769,18237.22,12.3975,0.0625,19308.275,0.944528706
29-Aug-23,19374.85,19377.9,19309.1,19342.65,307388116,22501.12,12.225,0.0625,19343.5,1.163239331
30-Aug-23,19433.45,19452.8,19334.75,19347.45,233004568,19877.49,11.8,0.0625,19393.775,1.024941766
31-Aug-23,19375.55,19388.2,19223.65,19253.8,562557215,45699.54,12.0625,0.0625,19305.925,2.367125118
01-Sep-23,19258.15,19458.55,19255.7,19435.3,372502191,25962.38,11.365,0.0625,19357.125,1.3412312
04-Sep-23,19525.05,19545.15,19432.85,19528.8,396071122,24822.79,10.9625,0.0625,19489,1.273682077
05-Sep-23,19564.65,19587.05,19525.75,19574.9,303958622,24029.89,10.815,0.0625,19556.4,1.228748134
06-Sep-23,19581.2,19636.45,19491.5,19611.05,512974083,32500.52,10.6775,0.0625,19563.975,1.661243178
07-Sep-23,19598.65,19737,19550.05,19727.05,304929822,23591,10.8725,0.0625,19643.525,1.200955531
08-Sep-23,19774.8,19867.15,19728.05,19819.95,288093693,23530.84,10.78,0.0625,19797.6,1.188570332
11-Sep-23,19890,20008.15,19865.35,19996.35,248763130,21924.34,11.3475,0.0625,19936.75,1.099694785
12-Sep-23,20110.15,20110.35,19914.65,19993.2,328064239,30110.8,11.69,0.0625,20012.5,1.504599625
13-Sep-23,19989.5,20096.9,19944.1,20070,251394599,24332.36,11.8275,0.0625,20020.5,1.215372243
14-Sep-23,20127.95,20167.65,20043.45,20103.1,275111881,21902.65,11.3175,0.0625,20105.55,1.08938328
15-Sep-23,20156.45,20222.45,20129.7,20192.35,438185104,42681.35,10.9025,0.0625,20176.075,2.115443663
18-Sep-23,20155.95,20195.35,20115.7,20133.3,264870758,21135.95,10.835,0.0625,20155.525,1.04864299
20-Sep-23,19980.75,20050.65,19878.85,19901.4,378065882,37351.58,11.1275,0.0625,19964.75,1.87087642
21-Sep-23,19840.55,19848.75,19709.95,19742.35,275132260,26711.83,10.8175,0.0625,19779.35,1.35049079
22-Sep-23,19744.85,19798.65,19657.5,19674.25,246410075,24137.57,10.66,0.0625,19728.075,1.223513698
25-Sep-23,19678.2,19734.15,19601.55,19674.55,188398392,20194.48,10.9,0.0625,19667.85,1.026776186
26-Sep-23,19682.8,19699.35,19637.45,19664.7,204869058,18118.19,11.185,0.0625,19668.4,0.921182709
27-Sep-23,19637.05,19730.7,19554,19716.45,203559874,19659.17,11.585,0.0625,19642.35,1.000856313
28-Sep-23,19761.8,19766.65,19492.1,19523.55,352810261,30069.78,12.8225,0.0625,19629.375,1.531876588
29-Sep-23,19581.2,19726.25,19551.05,19638.3,243508919,20978.72,11.4525,0.0625,19638.65,1.06823636
03-Oct-23,19622.4,19623.2,19479.65,19528.75,221719625,21459.58,11.7875,0.0625,19551.425,1.097596722
04-Oct-23,19446.3,19457.8,19333.6,19436.1,277148310,26017.47,11.655,0.0625,19395.7,1.341404023
05-Oct-23,19521.85,19576.95,19487.3,19545.75,234865323,22019.04,10.94,0.0625,19532.125,1.127324344
06-Oct-23,19621.2,19675.75,19589.4,19653.5,159051277,16096.52,10.3,0.0625,19632.575,0.819888374
09-Oct-23,19539.45,19588.95,19480.5,19512.35,165094800,15499.67,11.4,0.0625,19534.725,0.793441935
10-Oct-23,19565.6,19717.8,19565.45,19689.85,216559447,18735.62,11.27,0.0625,19641.625,0.953873216
11-Oct-23,19767,19839.2,19756.95,19811.35,213729730,19900.99,10.985,0.0625,19798.075,1.005198233
12-Oct-23,19822.7,19843.3,19772.65,19794,217904144,20999.94,10.6175,0.0625,19807.975,1.060176015
13-Oct-23,19654.55,19805.4,19635.3,19751.05,254955979,24363.02,10.6175,0.0625,19720.35,1.235425335
16-Oct-23,19737.25,19781.3,19691.85,19731.75,180964341,14746.01,11.07,0.0625,19736.575,0.747141285
17-Oct-23,19843.2,19849.75,19775.65,19811.5,185846716,16839.87,10.695,0.0625,19812.7,0.849953313
18-Oct-23,19820.45,19840.95,19659.95,19671.1,198942937,18581.64,10.965,0.0625,19750.45,0.940821095
19-Oct-23,19545.2,19681.8,19512.35,19624.7,230312163,23582.01,10.8975,0.0625,19597.075,1.203343356
20-Oct-23,19542.15,19593.8,19518.7,19542.65,198341255,17944.31,10.8175,0.0625,19556.25,0.917574177
23-Oct-23,19521.6,19556.85,19257.85,19281.75,176044288,16212.9,10.905,0.0625,19407.35,0.83539999
25-Oct-23,19286.45,19347.3,19074.15,19122.15,225291741,19818.32,11.3125,0.0625,19210.725,1.031627906
26-Oct-23,19027.25,19041.7,18837.85,18857.25,300356469,28939.64,11.73,0.0625,18939.775,1.527982249
27-Oct-23,18928.75,19076.15,18926.65,19047.25,205201044,19947.48,10.905,0.0625,19001.4,1.049790015
30-Oct-23,19053.4,19158.5,18940,19140.9,180132492,17095.73,11.49,0.0625,19049.25,0.897448981
31-Oct-23,19232.95,19233.7,19056.45,19079.6,206049341,19397.36,11.825,0.0625,19145.075,1.01317754
01-Nov-23,19064.05,19096.05,18973.7,18989.15,194103279,18452.51,12.0475,0.0625,19034.875,0.969405368
02-Nov-23,19120,19175.25,19064.15,19133.25,245595109,19771.49,11.075,0.0625,19119.7,1.03408997
03-Nov-23,19241,19276.25,19210.9,19230.6,189516123,17304.87,10.8825,0.0625,19243.575,0.899254426
06-Nov-23,19345.85,19423,19309.7,19411.75,180690631,16296.56,11.105,0.0625,19366.35,0.841488458
07-Nov-23,19404.05,19423.5,19329.1,19406.7,198660124,18288.06,11.1925,0.0625,19376.3,0.943836543
08-Nov-23,19449.6,19464.4,19401.5,19443.5,194967997,17060.45,11.0375,0.0625,19432.95,0.877913544
09-Nov-23,19457.4,19463.9,19378.35,19395.3,208418472,19087.29,10.9825,0.0625,19421.125,0.982810728
10-Nov-23,19351.85,19451.3,19329.45,19425.35,152215785,12916.21,11.1075,0.0625,19390.375,0.666114503
12-Nov-23,19547.25,19547.25,19510.25,19525.55,37311902,2482.27,11.3475,0.0625,19528.75,0.127108494
13-Nov-23,19486.75,19494.4,19414.75,19443.55,189275733,13527.22,11.1875,0.0625,19454.575,0.695323337
15-Nov-23,19651.4,19693.2,19579.65,19675.45,291464988,24957.24,11.135,0.0625,19636.425,1.270966584
16-Nov-23,19674.7,19875.25,19627,19765.2,282686669,26041.45,11.6475,0.0625,19751.125,1.318479327
17-Nov-23,19674.75,19806,19667.45,19731.8,236827462,21681.28,11.8275,0.0625,19736.725,1.098524705
20-Nov-23,19731.15,19756.45,19670.5,19694,173780543,16737.05,12.1475,0.0625,19713.475,0.849015711
21-Nov-23,19770.9,19829.1,19754.05,19783.4,194969012,17947.2,12.2325,0.0625,19791.575,0.906810095
22-Nov-23,19784,19825.55,19703.85,19811.85,184497984,17405.48,11.865,0.0625,19764.7,0.880634667
23-Nov-23,19828.45,19875.15,19786.75,19802,170024085,15906.94,11.315,0.0625,19830.95,0.802126978
24-Nov-23,19809.6,19832.85,19768.85,19794.7,145895044,14389.29,11.33,0.0625,19800.85,0.726700621
28-Nov-23,19844.65,19916.85,19800,19889.7,229595031,23043.25,12.175,0.0625,19858.425,1.160376515
29-Nov-23,19976.55,20104.65,19956.3,20096.6,236241768,22367.64,12.7075,0.0625,20030.475,1.116680458
30-Nov-23,20108.5,20158.7,20015.85,20133.15,486585349,48877.95,12.69,0.0625,20087.275,2.433279278
01-Dec-23,20194.1,20291.55,20183.7,20267.9,265812566,22461.53,12.3825,0.0625,20237.625,1.109889624
04-Dec-23,20601.95,20702.65,20507.75,20686.8,381107418,33917.52,12.9925,0.0625,20605.2,1.646066042
05-Dec-23,20808.9,20864.05,20711.15,20855.1,421008350,41763.52,13.4575,0.0625,20787.6,2.009059247
06-Dec-23,20950.75,20961.95,20852.15,20937.7,359212958,35654.76,13.74,0.0625,20907.05,1.705394113
07-Dec-23,20932.4,20941.25,20850.8,20901.15,274985308,24862.43,12.6725,0.0625,20896.025,1.189816245
08-Dec-23,20934.1,21006.1,20862.7,20969.4,292440768,27449.96,12.47,0.0625,20934.4,1.311237007
11-Dec-23,20965.3,21026.1,20923.7,20997.1,212921451,21150.17,12.7575,0.0625,20974.9,1.008356178
12-Dec-23,21018.55,21037.9,20867.15,20906.4,244867128,25404.64,12.7125,0.0625,20952.525,1.212485846
13-Dec-23,20929.75,20950,20769.5,20926.35,260269318,25918.44,12.065,0.0625,20859.75,1.242509618
14-Dec-23,21110.4,21210.9,21074.45,21182.7,334410589,32593.42,12.32,0.0625,21142.675,1.541593956
15-Dec-23,21287.45,21492.3,21235.3,21456.65,508761756,50114.46,13.1275,0.0625,21363.8,2.345765266
18-Dec-23,21434.8,21482.8,21365.35,21418.65,249668965,23615.28,13.9,0.0625,21424.075,1.102277695
19-Dec-23,21477.65,21505.05,21337.75,21453.1,249750062,23750.61,13.8675,0.0625,21421.4,1.108732856
20-Dec-23,21543.5,21593,21087.35,21150.15,363886229,30993.12,14.45,0.0625,21340.175,1.452336731
21-Dec-23,21033.95,21288.35,20976.8,21255.05,277548079,26001.02,13.7575,0.0625,21132.575,1.230376327
22-Dec-23,21295.85,21390.5,21232.45,21349.4,284708918,27709.29,13.7075,0.0625,21311.475,1.300205171
26-Dec-23,21365.2,21477.15,21329.45,21441.35,219467748,20081.33,14.6775,0.0625,21403.3,0.938235225
27-Dec-23,21497.65,21675.75,21495.8,21654.75,256542963,23059.25,15.5575,0.0625,21585.775,1.06826139
28-Dec-23,21715,21801.45,21678,21778.7,393080755,35031,15.14,0.0625,21739.725,1.611381929
29-Dec-23,21737.65,21770.3,21676.9,21731.4,270922276,23697.88,14.5025,0.0625,21723.6,1.090881806
01-Jan-24,21727.75,21834.35,21680.85,21741.9,153995217,14184.09,14.68,0.0625,21757.6,0.651914274
01-Jan-24,21727.75,21834.35,21680.85,21741.9,153995217,14184.09,14.58,0.0625,21757.6,0.651914274
02-Jan-24,21751.35,21755.6,21555.65,21665.8,263711568,25316.13,14.0975,0.0625,21655.625,1.169032526
03-Jan-24,21661.1,21677,21500.35,21517.35,311933117,32329.23,13.33,0.0625,21588.675,1.497508763
04-Jan-24,21605.8,21685.65,21564.55,21658.6,339172697,30868.15,12.63,0.0625,21625.1,1.427422301
05-Jan-24,21705.75,21749.6,21629.2,21710.8,309303266,26554.49,13.4625,0.0625,21689.4,1.224307265
08-Jan-24,21747.6,21763.95,21492.9,21513,231452935,21140.94,13.2625,0.0625,21628.425,0.977460911
09-Jan-24,21653.6,21724.45,21517.85,21544.85,228568589,24055.74,12.97,0.0625,21621.15,1.112602244
10-Jan-24,21529.3,21641.85,21448.65,21618.7,216991926,20958.96,12.7675,0.0625,21545.25,0.97278797
11-Jan-24,21688,21726.5,21593.75,21647.2,212453866,23492.12,13.1,0.0625,21660.125,1.084579152
12-Jan-24,21773.55,21928.25,21715.15,21894.55,294678459,30565.5,13.785,0.0625,21821.7,1.400692888
15-Jan-24,22053.15,22115.55,21963.55,22097.45,345543523,29523.15,13.5725,0.0625,22039.55,1.339553212
16-Jan-24,22080.5,22124.15,21969.8,22032.3,292433764,24435.94,15.08,0.0625,22046.975,1.108357949
17-Jan-24,21647.25,21851.5,21550.45,21571.95,455999867,47533.44,14.07,0.0625,21700.975,2.19038269
18-Jan-24,21414.2,21539.4,21285.55,21462.25,387341268,39718.84,13.8775,0.0625,21412.475,1.854939235
19-Jan-24,21615.2,21670.6,21575,21622.4,343055124,34429.24,13.8025,0.0625,21622.8,1.592265572
20-Jan-24,21706.15,21720.3,21541.8,21571.8,162073740,13917.46,14.8525,0.0625,21631.05,0.643401962
23-Jan-24,21716.7,21750.25,21192.6,21238.8,449718534,48813.68,14.375,0.0625,21471.425,2.273425262
24-Jan-24,21185.25,21482.35,21137.2,21453.95,407460664,41718.64,13.865,0.0625,21309.775,1.957723158
25-Jan-24,21454.6,21459,21247.05,21352.6,418143077,40088.5,15.68,0.0625,21353.025,1.877415495
29-Jan-24,21433.1,21763.25,21429.6,21737.6,376702289,34516.42,16.1025,0.0625,21596.425,1.598246932
30-Jan-24,21775.75,21813.05,21501.8,21522.1,375137333,32916.3,16.0475,0.0625,21657.425,1.519862126
31-Jan-24,21487.25,21741.35,21448.85,21725.7,410583065,41587.85,14.455,0.0625,21595.1,1.925800297
01-Feb-24,21780.65,21832.95,21658.75,21697.45,332541208,34042.15,14.6975,0.0625,21745.85,1.565455018
02-Feb-24,21812.75,22126.8,21805.55,21853.8,442794738,38395.9,15.6175,0.0625,21966.175,1.747955664
05-Feb-24,21921.05,21964.3,21726.95,21771.7,440849699,33807.94,15.785,0.0625,21845.625,1.547584013
06-Feb-24,21825.2,21951.4,21737.55,21929.4,370968111,32910.82,15.505,0.0625,21844.475,1.506596977
07-Feb-24,22045.05,22053.3,21860.15,21930.5,346263704,30088.76,15.8275,0.0625,21956.725,1.370366482
08-Feb-24,22009.65,22011.05,21665.3,21717.95,491069786,41082.02,15.4475,0.0625,21838.175,1.881202069
09-Feb-24,21727,21804.45,21629.9,21782.5,349222850,31176.16,16.0625,0.0625,21717.175,1.435553197
12-Feb-24,21800.8,21831.7,21574.75,21616.05,287436165,23921.14,15.8075,0.0625,21703.225,1.102192877
13-Feb-24,21664.3,21766.8,21543.35,21743.25,365785766,29896.62,15.435,0.0625,21655.075,1.380582612
14-Feb-24,21578.15,21870.85,21530.2,21840.05,359120861,32535,15.225,0.0625,21700.525,1.499272483
15-Feb-24,21906.55,21953.85,21794.8,21910.75,345394395,29559.69,15.2225,0.0625,21874.325,1.351341813
16-Feb-24,22020.3,22068.65,21968.95,22040.7,343892935,30666.89,16.0175,0.0625,22018.8,1.392759369
19-Feb-24,22103.45,22186.65,22021.05,22122.25,218252325,21375.71,16.0725,0.0625,22103.85,0.967058227
20-Feb-24,22099.2,22215.6,22045.85,22196.95,295705319,26872.32,15.9275,0.0625,22130.725,1.214253939
21-Feb-24,22248.85,22249.4,21997.95,22055.05,364545679,29741.39,15.1975,0.0625,22123.675,1.344324123
22-Feb-24,22081.55,22252.5,21875.25,22217.45,343495136,33985.94,14.9725,0.0625,22063.875,1.540343208
23-Feb-24,22290,22297.5,22186.1,22212.7,225983194,24617.01,15.6,0.0625,22241.8,1.106790368
26-Feb-24,22169.2,22202.15,22075.15,22122.05,207775504,20850.26,15.7275,0.0625,22138.65,0.941803588
27-Feb-24,22090.2,22218.25,22085.65,22198.35,252199186,24620.71,16.33,0.0625,22151.95,1.111446622
28-Feb-24,22214.1,22229.15,21915.85,21951.15,202952371,20579.8,15.5725,0.0625,22072.5,0.932372862
29-Feb-24,21935.2,22060.55,21860.65,21982.8,360165824,40196.12,15.235,0.0625,21960.6,1.830374398
01-Mar-24,22048.3,22353.3,22047.75,22338.75,351503075,29646.47,14.9925,0.0625,22200.525,1.335394996
02-Mar-24,22406.95,22419.55,22367.05,22378.4,35763814,1918.77,14.9225,0.0625,22393.3,0.085685004
04-Mar-24,22403.5,22440.9,22358.3,22405.6,298794435,23771.71,14.38,0.0625,22399.6,1.061256005
05-Mar-24,22371.25,22416.9,22269.15,22356.3,296153036,29165.37,14.295,0.0625,22343.025,1.305345628
06-Mar-24,22327.5,22497.2,22224.35,22474.05,312262560,31029.01,13.6125,0.0625,22360.775,1.387653603
07-Mar-24,22505.3,22525.65,22430,22493.55,379865142,33558.46,13.995,0.0625,22477.825,1.492958505
11-Mar-24,22517.5,22526.6,22307.25,22332.65,277897373,27222.37,13.6375,0.0625,22416.925,1.214366823
12-Mar-24,22334.45,22452.55,22256,22335.7,299201167,29781.12,14.4325,0.0625,22354.275,1.332233767
13-Mar-24,22432.2,22446.75,21905.65,21997.7,493341697,40109.23,13.6225,0.0625,22176.2,1.808661087
14-Mar-24,21982.55,22204.6,21917.5,22146.65,426742460,37348.3,13.69,0.0625,22061.05,1.692952058
15-Mar-24,22064.85,22120.9,21931.7,22023.35,661460455,60260.88,13.895,0.0625,22026.3,2.735860312
18-Mar-24,21990.1,22123.7,21916.55,22055.7,356321519,23015.51,14.1125,0.0625,22020.125,1.045203422
19-Mar-24,21946.45,21978.3,21793.1,21817.45,344157465,30291.6,13.4725,0.0625,21885.7,1.384081843
20-Mar-24,21843.9,21930.9,21710.2,21839.1,312414696,28939.85,12.5125,0.0625,21820.55,1.326265837
21-Mar-24,21989.9,22080.95,21941.3,22011.95,353172434,31258.4,12.22,0.0625,22011.125,1.420118236
22-Mar-24,21932.2,22180.7,21883.3,22096.75,388656439,39023.19,12.82,0.0625,22032,1.771205065
26-Mar-24,21947.9,22073.2,21947.55,22004.7,328403719,33382.08,12.7025,0.0625,22010.375,1.516652033
27-Mar-24,22053.95,22193.6,22052.85,22123.65,409136866,38830.73,12.8325,0.0625,22123.225,1.755202056
28-Mar-24,22163.6,22516,22163.6,22326.9,407422815,45656.57,12.0825,0.0625,22339.8,2.043732263
01-Apr-24,22455,22529.95,22427.75,22462,243637071,21420.69,11.6525,0.0625,22478.85,0.952926417
02-Apr-24,22458.8,22497.6,22388.15,22453.3,289524237,27940.93,11.3725,0.0625,22442.875,1.244979977
03-Apr-24,22385.7,22521.1,22346.5,22434.65,309647491,30793.28,11.22,0.0625,22433.8,1.372628801
04-Apr-24,22592.1,22619,22303.8,22514.65,400986156,40705.56,11.3375,0.0625,22461.4,1.812245007
05-Apr-24,22486.4,22537.6,22427.6,22513.7,242244731,24797.82,11.61,0.0625,22482.6,1.102978303
08-Apr-24,22578.35,22697.3,22550.35,22666.3,227633561,22480.2,11.355,0.0625,22623.825,0.993651604
09-Apr-24,22765.1,22768.4,22612.25,22642.75,232356772,21651.69,11.1075,0.0625,22690.325,0.954225645
10-Apr-24,22720.25,22775.7,22673.7,22753.8,276847931,25355.05,11.5325,0.0625,22724.7,1.115748503
12-Apr-24,22677.4,22726.45,22503.75,22519.4,357187778,36456.91,12.4675,0.0625,22615.1,1.612060526
15-Apr-24,22339.05,22427.45,22259.55,22272.5,355465814,29474.59,12.615,0.0625,22343.5,1.319157249
16-Apr-24,22125.3,22213.75,22079.45,22147.9,317267066,28661.04,13.04,0.0625,22146.6,1.294150795
18-Apr-24,22212.35,22326.5,21961.7,21995.85,456906707,43314.67,13.4575,0.0625,22144.1,1.956036597
19-Apr-24,21861.5,22179.55,21777.65,22147,362530569,36073.63,12.7,0.0625,21978.6,1.641306999
22-Apr-24,22336.9,22375.65,22198.15,22336.4,279259571,26841.2,10.195,0.0625,22286.9,1.204348743
23-Apr-24,22447.05,22447.55,22349.45,22368,231520813,25651.64,10.275,0.0625,22398.5,1.14523919
24-Apr-24,22421.55,22476.45,22384,22402.4,235898642,21925.6,10.73,0.0625,22430.225,0.977502455
25-Apr-24,22316.9,22625.95,22305.25,22570.35,475044740,53803.8,10.925,0.0625,22465.6,2.3949416
26-Apr-24,22620.4,22620.4,22385.55,22419.95,329887340,36984.89,12.235,0.0625,22502.975,1.643555574
29-Apr-24,22475.55,22655.8,22441.9,22643.4,291957361,32431.45,12.87,0.0625,22548.85,1.438275123
30-Apr-24,22679.65,22783.35,22568.4,22604.85,361859375,38741.7,13.445,0.0625,22675.875,1.70849857
02-May-24,22567.85,22710.5,22567.85,22648.2,445909456,43133.31,14.6175,0.0625,22639.175,1.905250964
03-May-24,22766.35,22794.7,22348.05,22475.85,438060727,44432.55,16.6,0.0625,22571.375,1.968535368
06-May-24,22561.6,22588.8,22409.45,22442.7,320255789,33417.53,17.0075,0.0625,22499.125,1.485281316
07-May-24,22489.75,22499.05,22232.05,22302.5,297815469,31512.26,17.08,0.0625,22365.55,1.408964233
08-May-24,22231.2,22368.65,22185.2,22302.5,277438692,29717.33,18.2,0.0625,22276.925,1.333996052
09-May-24,22224.8,22307.75,21932.4,21957.5,331327454,37870.88,18.4725,0.0625,22120.075,1.712059295
10-May-24,21990.95,22131.3,21950.3,22055.2,265804411,28717.71,20.6,0.0625,22040.8,1.302934104
13-May-24,22027.95,22131.65,21821.05,22104.05,278186886,29036.08,20.195,0.0625,21976.35,1.321242153
14-May-24,22112.9,22270.05,22081.25,22217.85,230238941,23741.66,20.2725,0.0625,22175.65,1.070618449
15-May-24,22255.6,22297.55,22151.75,22200.55,231935478,23815.79,19.995,0.0625,22224.65,1.071593478
16-May-24,22319.2,22432.25,22054.55,22403.85,368945092,38836.11,19.7975,0.0625,22243.4,1.745961049
17-May-24,22415.25,22502.15,22345.65,22466.1,242654570,27388.67,20.525,0.0625,22423.9,1.221405286
18-May-24,22512.85,22520.25,22470.05,22502,19064566,1572.77,21.81,0.0625,22495.15,0.06991596
21-May-24,22404.55,22591.1,22404.55,22529.05,347591587,30782.35,21.4675,0.0625,22497.825,1.368236707
22-May-24,22576.6,22629.5,22483.15,22597.8,290345590,28556.14,21.38,0.0625,22556.325,1.265992576
23-May-24,22614.1,22993.6,22577.45,22967.65,369767547,39157.65,21.71,0.0625,22785.525,1.718531831
24-May-24,22930.75,23026.4,22908,22957.1,261927120,27966.99,23.1925,0.0625,22967.2,1.217692623
27-May-24,23038.95,23110.8,22871.2,22932.45,260006078,27204.54,24.195,0.0625,22991,1.183269105
28-May-24,22977.15,22998.55,22858.5,22888.15,217890750,23054.65,24.175,0.0625,22928.525,1.00550079
29-May-24,22762.75,22825.5,22685.45,22704.7,269932784,27549.09,24.175,0.0625,22755.475,1.210657655
30-May-24,22617.45,22705.75,22417,22488.65,373374457,32991.46,24.6025,0.0625,22561.375,1.462298286
31-May-24,22568.1,22653.75,22465.1,22530.7,572122639,67040.32,20.9375,0.0625,22559.425,2.971721132
03-Jun-24,23337.9,23338.7,23062.3,23263.9,569425569,56418.25,26.7475,0.0625,23200.5,2.431768712
04-Jun-24,23179.5,23179.5,21281.45,21884.5,1006105058,93786.44,18.885,0.0625,22230.475,4.218823035
05-Jun-24,22128.35,22670.4,21791.95,22620.35,638487077,64326.85,16.8,0.0625,22231.175,2.893542514
06-Jun-24,22798.6,22910.15,22642.6,22821.4,480413289,49047.39,16.8825,0.0625,22776.375,2.153432669
07-Jun-24,22821.85,23320.2,22789.05,23290.15,473554898,47621.54,16.3975,0.0625,23054.625,2.065595949
10-Jun-24,23319.15,23411.9,23227.15,23259.2,304392368,29060.4,14.765,0.0625,23319.525,1.246183188
11-Jun-24,23283.75,23389.45,23206.65,23264.85,305185666,29190.91,14.3875,0.0625,23298.05,1.252933615
12-Jun-24,23344.45,23441.95,23295.95,23322.95,295630910,31795.48,13.4875,0.0625,23368.95,1.36058659
13-Jun-24,23480.95,23481.05,23353.9,23398.9,268279841,30151.67,12.8225,0.0625,23417.475,1.287571354
14-Jun-24,23464.95,23490.4,23334.25,23465.6,223086741,25746.34,12.965,0.0625,23412.325,1.099691722
18-Jun-24,23570.8,23579.05,23499.7,23557.9,272207297,29389.75,13.7125,0.0625,23539.375,1.248535698
19-Jun-24,23629.85,23664,23412.9,23516,328811255,39430.39,13.345,0.0625,23538.45,1.675148109
20-Jun-24,23586.15,23624,23442.6,23567,280336970,33390.07,13.18,0.0625,23533.3,1.418843511
21-Jun-24,23661.15,23667.1,23398.2,23501.1,609877803,70062.97,14.0575,0.0625,23532.65,2.977266479
24-Jun-24,23382.3,23558.1,23350,23537.85,239358460,24862.37,14.3125,0.0625,23454.05,1.06004592
25-Jun-24,23577.1,23754.15,23562.05,23721.3,298111025,34263.36,14.045,0.0625,23658.1,1.448271839
26-Jun-24,23723.1,23889.9,23670.45,23868.8,287824687,33979.62,14.1525,0.0625,23780.175,1.42890538
27-Jun-24,23881.55,24087.45,23805.4,24044.5,515227010,61216.71,13.8025,0.0625,23946.425,2.556402887
28-Jun-24,24085.9,24174,23985.8,24010.6,354779832,41242.87,13.83,0.0625,24079.9,1.712750884
01-Jul-24,23992.95,24164,23992.7,24141.95,242468081,28204.06,13.64,0.0625,24078.35,1.171345213
02-Jul-24,24228.75,24236.35,24056.4,24123.85,309629240,34838.65,13.205,0.0625,24146.375,1.442810774
03-Jul-24,24291.75,24309.15,24207.1,24286.5,289201551,36661.17,12.855,0.0625,24258.125,1.511294463
04-Jul-24,24369.95,24401,24281,24302.15,251189844,28466.6,12.695,0.0625,24341,1.169491804
05-Jul-24,24213.35,24363,24168.85,24323.85,298381204,32052.48,13.6,0.0625,24265.925,1.320884326
08-Jul-24,24329.45,24344.6,24240.55,24320.55,266299131,26356.03,14.28,0.0625,24292.575,1.084941798
09-Jul-24,24351,24443.6,24331.9,24433.2,250537091,29361.08,14.4325,0.0625,24387.75,1.203927382
10-Jul-24,24459.85,24461.05,24141.8,24324.45,292263786,35358.54,13.995,0.0625,24301.425,1.454998627
11-Jul-24,24396.55,24402.65,24193.75,24315.95,306404194,32115.44,13.725,0.0625,24298.2,1.321720951
12-Jul-24,24387.95,24592.2,24331.15,24502.15,325823474,39565.33,14.1875,0.0625,24461.675,1.617441569
15-Jul-24,24587.6,24635.05,24522.75,24586.7,305395934,31593.04,14.2225,0.0625,24578.9,1.285372413
16-Jul-24,24615.9,24661.25,24587.65,24613,283212233,28668.71,14.51,0.0625,24624.45,1.164237577
18-Jul-24,24543.8,24837.75,24504.45,24800.85,350924425,40477.17,14.825,0.0625,24671.1,1.640671474
19-Jul-24,24853.8,24854.8,24508.15,24530.9,,,14.825,0.0625,24681.475,0
22-Jul-24,24445.75,24595.2,24362.3,24509.25,324190553,32496.23,15.4375,0.0625,24478.75,1.327528162
23-Jul-24,24568.9,24582.55,24074.2,24479.05,436408768,44921.42,12.7475,0.0625,24328.375,1.846462002
24-Jul-24,24444.95,24504.25,24307.25,24413.5,366616574,39538.11,11.7625,0.0625,24405.75,1.620032574
25-Jul-24,24230.95,24426.15,24210.8,24406.1,391821970,37853.62,12.6175,0.0625,24318.475,1.556578692
26-Jul-24,24423.35,24861.15,24410.9,24834.85,383826136,42118.36,12.2475,0.0625,24636.025,1.709624828
29-Jul-24,24943.3,24999.75,24774.6,24836.1,354966070,37102.92,12.945,0.0625,24887.175,1.490844983
30-Jul-24,24839.4,24971.75,24798.65,24857.3,384989431,37576.58,12.88,0.0625,24885.2,1.509997107
31-Jul-24,24886.7,24984.6,24856.5,24951.15,333646302,35411.32,13.25,0.0625,24920.55,1.420968638
01-Aug-24,25030.95,25078.3,24956.4,25010.9,431313292,38822.9,12.93,0.0625,25017.35,1.551839024
02-Aug-24,24789,24851.9,24686.85,24717.7,345027881,35368.54,14.32,0.0625,24769.375,1.427914108
05-Aug-24,24302.85,24350.05,23893.7,24055.6,486994718,45066.65,20.3675,0.0625,24121.875,1.868289675
06-Aug-24,24189.85,24382.6,23960.4,23992.55,312339387,31553.65,18.7425,0.0625,24171.5,1.305407194
07-Aug-24,24289.4,24337.7,24184.9,24297.5,317564429,29738.85,16.17,0.0625,24261.3,1.225773145
08-Aug-24,24248.55,24340.5,24079.7,24117,311875940,30858.18,16.6025,0.0625,24210.1,1.274599444
09-Aug-24,24386.85,24419.75,24311.2,24367.5,215129992,22339.19,15.335,0.0625,24365.475,0.916837862
12-Aug-24,24320.05,24472.8,24212.1,24347,279925100,30311.85,15.8675,0.0625,24342.45,1.245225932
13-Aug-24,24342.35,24359.95,24116.5,24139,239727640,25459.58,16.1675,0.0625,24238.225,1.050389622
14-Aug-24,24184.4,24196.5,24099.7,24143.75,303254705,27834.61,15.435,0.0625,24148.1,1.152662528
16-Aug-24,24334.85,24563.9,24204.5,24541.15,271611087,28521.9,14.4025,0.0625,24384.2,1.169687749
19-Aug-24,24636.35,24638.8,24522.95,24572.65,243645503,22124.41,14.315,0.0625,24580.875,0.900066007
20-Aug-24,24648.9,24734.3,24607.2,24698.85,238318940,25478.73,13.82,0.0625,24670.75,1.032750524
21-Aug-24,24680.55,24787.95,24654.5,24770.2,257114212,27404.63,13.3325,0.0625,24721.225,1.108546603
22-Aug-24,24863.4,24867.35,24784.45,24811.5,220345125,24227.03,13,0.0625,24825.9,0.975877209
23-Aug-24,24845.4,24858.4,24771.65,24823.15,206800655,23134.22,13.5525,0.0625,24815.025,0.932266641
26-Aug-24,24906.1,25043.8,24874.7,25010.6,210266456,22166.86,13.795,0.0625,24959.25,0.888122039
27-Aug-24,25024.8,25073.1,24973.65,25017.75,223346636,26695,13.6325,0.0625,25023.375,1.06680254
28-Aug-24,25030.8,25129.6,24964.65,25052.35,220419448,26994.19,13.95,0.0625,25047.125,1.077736068
29-Aug-24,25035.3,25192.9,24998.5,25151.95,353993900,43221.73,13.7875,0.0625,25095.7,1.722276326
30-Aug-24,25249.7,25268.35,25199.4,25235.9,638166179,89554.91,13.3925,0.0625,25233.875,3.548995547
02-Sep-24,25333.6,25333.65,25235.5,25278.7,222815249,28187.71,14.06,0.0625,25284.575,1.114818422
03-Sep-24,25313.4,25321.7,25235.8,25279.85,212131921,27276.14,13.8425,0.0625,25278.75,1.079014587
04-Sep-24,25089.95,25216,25083.8,25198.7,253788501,26293.35,14.3775,0.0625,25149.9,1.04546539
05-Sep-24,25250.5,25275.45,25127.75,25145.1,222242223,26272.38,14.2075,0.0625,25201.6,1.042488572
06-Sep-24,25093.7,25168.75,24801.3,24852.15,311671856,33001.17,15.2175,0.0625,24985.025,1.320837982
09-Sep-24,24823.4,24957.5,24753.15,24936.4,254367252,25180.28,14.2375,0.0625,24855.325,1.013073858
10-Sep-24,24999.4,25130.5,24896.8,25041.1,251274802,27846.31,13.36,0.0625,25013.65,1.113244568
11-Sep-24,25034,25113.7,24885.15,24918.45,279229206,29395.73,13.6275,0.0625,24999.425,1.175856245
12-Sep-24,25059.65,25433.35,24941.45,25388.9,380069653,41747.91,13.1825,0.0625,25187.4,1.657491841
13-Sep-24,25430.45,25430.5,25292.45,25356.5,250781898,25530.69,12.55,0.0625,25361.475,1.006672128
16-Sep-24,25406.65,25445.7,25336.2,25383.75,168694880,18705.01,12.46,0.0625,25390.95,0.736680195
17-Sep-24,25416.9,25441.65,25352.25,25418.55,215956868,25280.83,12.59,0.0625,25396.95,0.995427797
18-Sep-24,25402.4,25482.2,25285.55,25377.55,215727159,28832,13.3725,0.0625,25383.875,1.135839189
19-Sep-24,25487.05,25611.95,25376.05,25415.8,314461263,34389.27,12.47,0.0625,25494,1.348916216
20-Sep-24,25525.95,25849.25,25426.6,25790.95,533067422,68915.27,12.79,0.0625,25637.925,2.688020579
23-Sep-24,25872.55,25956,25847.35,25939.05,209187756,24825.74,13.785,0.0625,25901.675,0.958460795
24-Sep-24,25921.45,26011.55,25886.85,25940.4,384115033,35573.63,13.3925,0.0625,25949.2,1.370895056
25-Sep-24,25899.45,26032.8,25871.35,26004.15,278540972,27868.08,12.7425,0.0625,25952.075,1.073828586
26-Sep-24,26005.4,26250.9,25998.4,26216.05,370895477,40838.36,12.0025,0.0625,26124.65,1.563211756
27-Sep-24,26248.25,26277.35,26151.4,26178.95,490332370,55420.63,11.9625,0.0625,26214.375,2.114131273
30-Sep-24,26061.3,26134.7,25794.1,25810.85,375370974,36028.06,12.7875,0.0625,25964.4,1.387594553
01-Oct-24,25788.45,25907.6,25739.2,25796.9,247423786,27473.29,11.9875,0.1,25823.4,1.063891277
03-Oct-24,25452.85,25639.45,25230.3,25250.1,423395030,45689.5,13.17,0.1,25434.875,1.796332791
04-Oct-24,25181.9,25485.05,24966.8,25014.6,374914801,42719.71,14.1275,0.1,25225.925,1.693484382
07-Oct-24,25084.1,25143,24694.35,24795.75,374345795,40550.24,15.08,0.1,24918.675,1.627303217
08-Oct-24,24832.2,25044,24756.8,25013.15,333220055,33493.36,14.5875,0.1,24900.4,1.345093252
09-Oct-24,25065.8,25234.05,24947.7,24981.95,290562844,30877.63,14.1225,0.1,25090.875,1.230631853
10-Oct-24,25067.05,25134.05,24979.4,24998.45,261364749,28046.45,13.495,0.1,25056.725,1.119318267
11-Oct-24,24985.3,25028.65,24920.05,24964.25,210462717,21734.97,13.22,0.1,24974.35,0.870291719
14-Oct-24,25023.45,25159.75,25017.5,25127.95,206423311,21270.9,12.995,0.1,25088.625,0.847830441
15-Oct-24,25186.3,25212.05,25008.15,25057.35,257228772,29113.88,13.0025,0.1,25110.1,1.159448987
16-Oct-24,25008.55,25093.4,24908.45,24971.3,226774456,24115.83,13.0525,0.1,25000.925,0.96459751
17-Oct-24,25027.4,25029.5,24728.9,24749.85,252755662,32606.34,13.3875,0.1,24879.2,1.310586353
18-Oct-24,24664.95,24886.2,24567.65,24854.05,290855392,31772.76,13.0375,0.1,24726.925,1.284945864
21-Oct-24,24956.15,24978.3,24679.6,24781.1,241978957,32207.22,13.7625,0.1,24828.95,1.297163996
22-Oct-24,24798.65,24882,24445.8,24472.1,279484697,32801.59,14.395,0.1,24663.9,1.329943359
23-Oct-24,24378.15,24604.25,24378.1,24435.5,284556771,31928.1,14.6225,0.1,24491.175,1.303657338
24-Oct-24,24412.7,24480.65,24341.2,24399.4,216686434,27817.66,13.97,0.1,24410.925,1.1395578
25-Oct-24,24418.05,24440.25,24073.9,24180.8,372642214,37068.91,14.6325,0.1,24257.075,1.528168998
28-Oct-24,24251.1,24492.6,24134.9,24339.15,278562235,28136.06,14.29,0.1,24313.75,1.157207753
29-Oct-24,24328.85,24484.5,24140.85,24466.85,332044690,35579.48,14.515,0.1,24312.675,1.463412808
30-Oct-24,24371.45,24498.2,24307.3,24340.85,285196335,31068.7,15.51,0.1,24402.75,1.273163885
31-Oct-24,24349.85,24372.45,24172.6,24205.35,287007588,33403.89,15.55,0.1,24272.525,1.376201693
01-Nov-24,24302.75,24368.25,24280.2,24304.35,38811387,3348.45,15.9025,0.1,24324.225,0.137659062
04-Nov-24,24315.75,24316.75,23816.15,23995.35,285531635,31561.52,16.6875,0.1,24066.45,1.311432305
05-Nov-24,23916.5,24229.05,23842.75,24213.3,289511197,30074.77,16.1225,0.1,24035.9,1.251243765
06-Nov-24,24308.75,24537.6,24204.05,24484.05,351082031,34108.84,14.8675,0.1,24370.825,1.399576748
07-Nov-24,24489.6,24503.35,24179.05,24199.35,322185588,30971.89,14.94,0.1,24341.2,1.272406044
08-Nov-24,24207.7,24276.15,24066.65,24148.2,298725122,27670.3,14.47,0.1,24171.4,1.144753717
11-Nov-24,24087.25,24336.8,24004.6,24141.3,273370562,26600.28,14.27,0.1,24170.7,1.100517569
12-Nov-24,24225.8,24242,23839.15,23883.45,255825829,26852.73,14.59,0.1,24040.575,1.116975364
13-Nov-24,23822.45,23873.6,23509.6,23559.05,304569316,27765.81,15.435,0.1,23691.6,1.171968546
14-Nov-24,23542.15,23675.9,23484.15,23532.7,257708474,24814.37,14.775,0.1,23580.025,1.052347061
18-Nov-24,23605.3,23606.8,23350.4,23453.8,263311912,25257.33,15.1675,0.1,23478.6,1.075759628
19-Nov-24,23529.55,23780.65,23464.8,23518.5,297477279,30486.78,15.6625,0.1,23622.725,1.290569991
21-Nov-24,23488.45,23507.3,23263.15,23349.9,420332354,40900.89,15.99,0.1,23385.225,1.749005622
22-Nov-24,23411.8,23956.1,23359,23907.25,367562789,39257.52,16.0975,0.1,23657.55,1.659407673
25-Nov-24,24253.55,24351.55,24135.45,24221.9,687172787,85975.81,15.3025,0.1,24243.5,3.546344793
26-Nov-24,24343.3,24343.3,24125.4,24194.5,230691771,24140.67,15.305,0.1,24234.35,0.996134413
27-Nov-24,24204.8,24354.55,24145.65,24274.9,295011445,31149.09,14.625,0.1,24250.1,1.28449326
28-Nov-24,24274.15,24345.75,23873.35,23914.15,366745300,41198.27,15.205,0.1,24109.55,1.708794648
29-Nov-24,23927.15,24188.45,23927.15,24131.1,282104071,30509.98,14.425,0.1,24057.8,1.268194931
02-Dec-24,24140.85,24301.7,24008.65,24276.05,220384187,23162.75,14.7,0.1,24155.175,0.958914601
03-Dec-24,24367.5,24481.35,24280,24457.15,339470947,34228.3,14.3725,0.1,24380.675,1.403911089
04-Dec-24,24488.75,24573.2,24366.3,24467.45,348003156,34639.78,14.45,0.1,24469.75,1.415616424
05-Dec-24,24539.15,24857.75,24295.55,24708.4,361469920,40471.33,14.5275,0.1,24576.65,1.64673908
06-Dec-24,24729.45,24751.05,24620.5,24677.8,226731303,23904.13,14.14,0.1,24685.775,0.968336218
09-Dec-24,24633.9,24705,24580.05,24619,248139308,25099.79,14.1075,0.1,24642.525,1.018555931
10-Dec-24,24652.65,24677.8,24510.65,24610.05,261048951,26093.38,13.7775,0.1,24594.225,1.06095557
11-Dec-24,24620.5,24691.75,24583.85,24641.8,187252712,21592.23,13.2675,0.1,24637.8,0.876386284
12-Dec-24,24604.45,24675.25,24527.95,24548.7,266051129,28235.17,13.19,0.1,24601.6,1.147696491
13-Dec-24,24498.35,24792.3,24180.8,24768.3,310080852,30429.73,13.0525,0.1,24486.55,1.242712019
16-Dec-24,24753.4,24781.25,24601.75,24668.25,187551629,18608.23,14.02,0.1,24691.5,0.753628982
17-Dec-24,24584.8,24624.1,24303.45,24336,264881033,26765.16,14.485,0.1,24463.775,1.094073176
18-Dec-24,24297.95,24394.45,24149.85,24198.85,235346534,23315.92,14.3725,0.1,24272.15,0.96060382
19-Dec-24,23877.15,24004.9,23870.3,23951.7,271128027,27815.23,14.51,0.1,23937.6,1.161989088
20-Dec-24,23960.7,24065.8,23537.35,23587.5,442714411,47084.68,15.0725,0.1,23801.575,1.978216988
23-Dec-24,23738.2,23869.55,23647.2,23753.45,189758237,18243.28,13.52,0.1,23758.375,0.767867331
24-Dec-24,23769.1,23867.65,23685.15,23727.65,177664746,16010.71,13.1775,0.1,23776.4,0.673386635
26-Dec-24,23775.8,23854.5,23653.6,23750.2,177681783,16695.1,14.035,0.1,23754.05,0.702831728
27-Dec-24,23801.4,23938.85,23800.6,23813.4,176821521,17164.99,13.2375,0.1,23869.725,0.719111343
30-Dec-24,23796.9,23915.35,23599.3,23644.9,364929453,33823.95,13.9725,0.1,23757.325,1.423727208
31-Dec-24,23560.6,23689.85,23460.45,23644.8,193627727,18646.79,14.4475,0.1,23575.15,0.790951065
01-Jan-25,23637.65,23822.8,23562.8,23742.9,154921938,14266.26,14.5075,0.1,23692.8,0.602134826
