_id,Sl No.,Finacial Year,BBMP Zone,BBMP Ward,Ward Number,No of Applications,Total Collection (Amount in lakhs)
1,1,2016-2017,Yelahanka,Kempegowda Ward,1,6637,658.15
2,2,2016-2017,Yelahanka,Chowdeshwari Ward,2,8686,428.36
3,3,2016-2017,Yelahanka,Attur,3,15185,731.70
4,4,2016-2017,Yelahanka,Yelahanka Satellite town,4,9488,809.71
5,5,2016-2017,Yelahanka,Jakkur,5,18760,1290.44
6,6,2016-2017,Yelahanka,Thanisandra,6,17490,5882.86
7,7,2016-2017,Yelahanka,Byatarayanapura,7,16399,1729.75
8,8,2016-2017,Yelahanka,Kodigehalli,8,8486,642.40
9,9,2016-2017,Yelahanka,Vidyaranyapura,9,14591,873.14
10,10,2016-2017,Yelahanka,Doddabommasandra,10,5339,453.85
11,11,2016-2017,Yelahanka,Kuvempunagar,11,6446,254.47
12,12,2016-2017,Dasarahalli,Shettyhalli,12,13924,659.09
13,13,2016-2017,Dasarahalli,Mallasandra,13,5155,232.44
14,14,2016-2017,Dasarahalli,Bagalagunte,14,12626,906.72
15,15,2016-2017,Dasarahalli,T. Dasarahalli,15,3779,238.90
16,16,2016-2017,RR Nagara,Jalahalli,16,3907,538.98
17,17,2016-2017,RR Nagara,J.P.Park,17,7485,635.39
18,18,2016-2017,East,Radhakrishna Temple Ward,18,6931,793.27
19,19,2016-2017,East,Sanjaynagar,19,5354,480.32
20,20,2016-2017,East,Ganganagar,20,3179,408.54
21,21,2016-2017,East,Hebbal,21,4370,346.23
22,22,2016-2017,East,Vishwanatha Nagenahalli,22,7279,456.66
23,23,2016-2017,East,Nagavara,23,7049,500.41
24,24,2016-2017,East,HBR Layout,24,12099,955.22
25,25,2016-2017,Mahadevapura,Horamavu,25,32691,1984.77
26,26,2016-2017,Mahadevapura,Ramamurthynagar,26,14763,615.64
27,27,2016-2017,East,Banasawadi,27,10389,1111.98
28,28,2016-2017,East,Kammanahalli,28,4998,300.01
29,29,2016-2017,East,Kacharakanahalli,29,6894,707.90
30,30,2016-2017,East,Kadugondanahalli,30,3603,145.86
31,31,2016-2017,East,Kushalnagar,31,3140,125.97
32,32,2016-2017,East,Kavalbyrasandra,32,6307,411.78
33,33,2016-2017,East,Manorayanapalya,33,4135,331.41
34,34,2016-2017,East,Gangenahalli,34,2548,315.43
35,35,2016-2017,West,Aramane Nagar,35,5242,1198.13
36,36,2016-2017,West,Mathikere,36,4205,366.70
37,37,2016-2017,RR Nagara,Yeshwanthpur,37,3499,246.73
38,38,2016-2017,RR Nagara,H.M.T,38,5141,1612.62
39,39,2016-2017,Dasarahalli,Chokkasandra,39,7821,1015.76
40,40,2016-2017,RR Nagara,Doddabidarakallu,40,24733,720.57
41,41,2016-2017,Dasarahalli,Peenya Industrial Area,41,6029,1584.02
42,42,2016-2017,RR Nagara,Lakshmidevinagar,42,2545,425.87
43,43,2016-2017,West,Nandini Layout,43,5765,387.02
44,44,2016-2017,West,Marappanahalli,44,4630,868.20
45,45,2016-2017,West,Malleshwaram,45,4420,535.35
46,46,2016-2017,East,Jayachamarajendra Nagar,46,4268,369.41
47,47,2016-2017,East,Devarajeevanahalli,47,1209,46.50
48,48,2016-2017,East,Muneshwaranagar,48,1709,56.78
49,49,2016-2017,East,Lingarajapura,49,4224,219.12
50,50,2016-2017,East,Benniganahalli,50,6545,1071.81
51,51,2016-2017,Mahadevapura,Vijinapura,51,5230,323.49
52,52,2016-2017,Mahadevapura,K.R.Puram,52,6768,422.62
53,53,2016-2017,Mahadevapura,Basavanapura,53,10083,405.09
54,54,2016-2017,Mahadevapura,Hoodi,54,16058,3723.87
55,55,2016-2017,Mahadevapura,Devasandra,55,2556,675.89
56,56,2016-2017,Mahadevapura,A. Narayanapura,56,5871,358.30
57,57,2016-2017,East,C.V. Ramannagar,57,12031,1089.91
58,58,2016-2017,East,Hosathippasandra,58,7637,2163.04
59,59,2016-2017,East,Maruthiseva Nagar,59,5750,540.87
60,60,2016-2017,East,Sagayapuram,60,2548,179.41
61,61,2016-2017,East,S.K. Garden,61,2258,99.11
62,62,2016-2017,East,Ramaswamy palya,62,3097,258.19
63,63,2016-2017,East,Jayamahal,63,3120,440.14
64,64,2016-2017,West,Rajmahal,64,3889,368.38
65,65,2016-2017,West,Kadumalleshwara,65,6622,891.68
66,66,2016-2017,West,Subramanyanagar,66,5143,1129.60
67,67,2016-2017,West,Nagapura,67,4884,831.13
68,68,2016-2017,West,Mahalakshmipuram,68,4538,332.54
69,69,2016-2017,RR Nagara,Laggere,69,6185,236.47
70,70,2016-2017,Dasarahalli,Rajagopalanagar,70,7035,424.21
71,71,2016-2017,Dasarahalli,Hegganahalli,71,6102,426.13
72,72,2016-2017,RR Nagara,Herohalli,72,15897,483.13
73,73,2016-2017,RR Nagara,Kottigepalya,73,12526,806.68
74,74,2016-2017,West,Shakthiganapathi nagar,74,4210,282.88
75,75,2016-2017,West,Shankaramata,75,5511,397.87
76,76,2016-2017,West,Gayathrinagar,76,3795,341.79
77,77,2016-2017,West,Dattathreya Temple,77,4187,622.14
78,78,2016-2017,East,Pulikeshinagar,78,4353,503.33
79,79,2016-2017,East,Sarvagnanagar,79,3247,489.74
80,80,2016-2017,East,Hoysalanagar,80,5514,1400.86
81,81,2016-2017,Mahadevapura,Vignananagar,81,12948,806.99
82,82,2016-2017,Mahadevapura,Garudacharpalya,82,8149,3870.73
83,83,2016-2017,Mahadevapura,Kadugodi,83,8747,707.12
84,84,2016-2017,Mahadevapura,Hagadooru,84,13567,2024.25
85,85,2016-2017,Mahadevapura,Doddanekkundi,85,22637,5357.70
86,86,2016-2017,Mahadevapura,Marathalli,86,5450,1349.83
87,87,2016-2017,Mahadevapura,HAL Airport,87,3583,198.10
88,88,2016-2017,East,Jeevanbhimanagar,88,5129,1125.63
89,89,2016-2017,East,Jogupalya,89,4846,597.71
90,90,2016-2017,East,Ulsoor,90,5294,1897.44
91,91,2016-2017,East,Bharathinagar,91,4614,345.90
92,92,2016-2017,East,Shivajinagar,92,3267,222.29
93,93,2016-2017,East,Vasanthnagar,93,6146,2839.82
94,94,2016-2017,West,Gandhinagar,94,5561,1731.78
95,95,2016-2017,West,Subhashnagar,95,2433,891.49
96,96,2016-2017,West,Okalipuram,96,2561,241.94
97,97,2016-2017,West,Dayanandanagar,97,2801,215.07
98,98,2016-2017,West,Prakashnagar,98,2866,339.20
99,99,2016-2017,West,Rajajinagar,99,3362,428.18
100,100,2016-2017,West,Basaveshwaranagar,100,3564,436.86
101,101,2016-2017,West,Kamakshipalya,101,3157,356.18
102,102,2016-2017,West,Vrushabhavathinagar,102,4910,372.52
103,103,2016-2017,West,Kaveripura,103,5437,455.21
104,104,2016-2017,West,Govindrajnagara,104,2834,432.30
105,105,2016-2017,West,Agrahara Dasarahalli,105,3138,354.09
106,106,2016-2017,West,Dr. Rajkumar Ward,106,2709,591.23
107,107,2016-2017,West,Shivanagar,107,3855,454.16
108,108,2016-2017,West,Srirammandira ward,108,4427,887.82
109,109,2016-2017,West,Chikpet,109,9163,1752.65
110,110,2016-2017,East,Sampangiramnagar,110,6499,2996.59
111,111,2016-2017,East,Shanthala Nagar,111,9625,8157.15
112,112,2016-2017,East,Domlur,112,5539,1528.70
113,113,2016-2017,East,Konena Agrahara,113,8409,1627.34
114,114,2016-2017,East,Agaram,114,1990,228.32
115,115,2016-2017,East,Vannarpet,115,3273,176.16
116,116,2016-2017,East,Neelasandra,116,1292,79.84
117,117,2016-2017,East,Shanthinagar,117,4969,715.68
118,118,2016-2017,South,Sudham Nagara,118,2946,1228.86
119,119,2016-2017,South,Dharmaraya Swamy Temple Ward,119,7529,1459.72
120,120,2016-2017,West,Cottonpet,120,4778,512.04
121,121,2016-2017,West,Binnypet,121,2775,381.44
122,122,2016-2017,South,Kempapura Agrahara,122,2458,132.91
123,123,2016-2017,South,Vijaynagar,123,3870,342.55
124,124,2016-2017,South,Hosahalli,124,3529,304.93
125,125,2016-2017,West,Marenahalli,125,3350,329.79
126,126,2016-2017,West,Maruthi Mandira Ward,126,3897,346.09
127,127,2016-2017,West,Moodalapalya,127,5526,358.00
128,128,2016-2017,West,Nagarabhavi,128,4713,342.62
129,129,2016-2017,RR Nagara,Jnanabharathi ward,129,18333,1070.86
130,130,2016-2017,RR Nagara,Ullalu,130,15320,573.12
131,131,2016-2017,West,Nayandanahalli,131,2881,235.32
132,132,2016-2017,South,Attiguppe,132,5534,495.58
133,133,2016-2017,South,Hampinagar,133,4155,449.56
134,134,2016-2017,South,Bapujinagar,134,2981,224.84
135,135,2016-2017,West,Padarayanapura,135,1314,95.80
136,136,2016-2017,West,Jagareevanram Nagar,136,1347,182.37
137,137,2016-2017,West,Rayapuram,137,2075,80.03
138,138,2016-2017,West,Chalavadipalya,138,542,20.39
139,139,2016-2017,West,K.R. Market,139,2180,317.94
140,140,2016-2017,West,Chamrajpet,140,3893,702.27
141,141,2016-2017,West,Azadnagar,141,3126,194.72
142,142,2016-2017,South,Sunkenahalli,142,5656,1008.65
143,143,2016-2017,South,Vishveshwarapuram,143,5549,876.97
144,144,2016-2017,South,Siddapura,144,2177,219.59
145,145,2016-2017,South,Hombegowdanagar,145,4380,855.81
146,146,2016-2017,South,Lakkasandra,146,2691,1099.78
147,147,2016-2017,South,Adugodi,147,2489,360.84
148,148,2016-2017,South,Ejipura,148,7660,987.40
149,149,2016-2017,Mahadevapura,Varthur,149,14829,1771.85
150,150,2016-2017,Mahadevapura,Bellandur,150,25929,8600.71
151,151,2016-2017,South,Koramangala,151,8212,2553.78
152,152,2016-2017,South,Sudduguntepalya,152,4754,1828.86
153,153,2016-2017,South,Jayangar,153,4574,730.80
154,154,2016-2017,South,Basavanagudi,154,5551,600.79
155,155,2016-2017,South,Hanumanthanagar,155,3410,245.15
156,156,2016-2017,South,Srinagar,156,4327,332.66
157,157,2016-2017,South,Gali Anjaneya swamy Temple Ward,157,3635,484.58
158,158,2016-2017,South,Deepanjali Nagar,158,4246,577.21
159,159,2016-2017,RR Nagara,Kengeri,159,6468,326.00
160,160,2016-2017,RR Nagara,Rajarajeshwarinagar,160,18668,1609.49
161,161,2016-2017,South,Hosakerehalli,161,5927,364.90
162,162,2016-2017,South,Girinagar,162,5990,574.17
163,163,2016-2017,South,Katriguppe,163,5559,604.70
164,164,2016-2017,South,Vidyapeetha Ward,164,5264,458.93
165,165,2016-2017,South,Ganeshmandira Ward,165,4938,782.55
166,166,2016-2017,South,Karisandra,166,2820,628.12
167,167,2016-2017,South,Yadiyuru,167,4811,858.43
168,168,2016-2017,South,Pattabhiramnagar,168,5599,1282.12
169,169,2016-2017,South,Byrasandra,169,3940,699.30
170,170,2016-2017,South,Jayanagar East,170,3792,716.38
171,171,2016-2017,South,Gurappanapalya,171,3508,381.78
172,172,2016-2017,South,Madiwala,172,4337,726.68
173,173,2016-2017,South,Jakkasandra,173,3132,409.46
174,174,2016-2017,Bommanahalli,HSR Layout,174,14578,2562.08
175,175,2016-2017,Bommanahalli,Bommanahalli,175,6814,717.55
176,176,2016-2017,South,BTM Layout,176,8264,1426.27
177,177,2016-2017,South,J.P.Nagar,177,4930,1371.66
178,178,2016-2017,South,Sarakki,178,4951,711.89
179,179,2016-2017,South,Shakambarinagar,179,5573,869.04
180,180,2016-2017,South,Banashankari Temple Ward,180,1527,119.15
181,181,2016-2017,South,Kumaraswamylayout,181,8033,699.20
182,182,2016-2017,South,Padmanabhanagar,182,7261,637.61
183,183,2016-2017,South,Chikkallasandra,183,5726,490.40
184,184,2016-2017,Bommanahalli,Uttarahalli,184,16561,745.50
185,185,2016-2017,Bommanahalli,Yelachenahalli,185,6246,498.95
186,186,2016-2017,Bommanahalli,Jaraganahalli,186,4730,531.45
187,187,2016-2017,Bommanahalli,Puttenahalli,187,10843,2033.39
188,188,2016-2017,Bommanahalli,Bilekahalli,188,12456,1065.64
189,189,2016-2017,Bommanahalli,Hongasandra,189,7168,1007.75
190,190,2016-2017,Bommanahalli,Mangammanapalya,190,9679,1065.35
191,191,2016-2017,Bommanahalli,Singasandra,191,15001,1097.84
192,192,2016-2017,Bommanahalli,Begur,192,28121,1648.63
193,193,2016-2017,Bommanahalli,Arakere,193,13616,1254.90
194,194,2016-2017,Bommanahalli,Gottigere,194,11813,634.02
195,195,2016-2017,Bommanahalli,Konanakunte,195,15498,985.94
196,196,2016-2017,Bommanahalli,Anjanapura,196,8304,381.56
197,197,2016-2017,Bommanahalli,Vasanthapura,197,13624,956.57
198,198,2016-2017,RR Nagara,Hemmigepura,198,19002,1681.38
199,199,2017-2018,Yelahanka,Kempegowda Ward,1,4647,376.77
200,200,2017-2018,Yelahanka,Chowdeshwari Ward,2,8934,403.46
201,201,2017-2018,Yelahanka,Attur,3,17327,804.92
202,202,2017-2018,Yelahanka,Yelahanka Satellite town,4,9702,777.08
203,203,2017-2018,Yelahanka,Jakkur,5,22280,1328.98
204,204,2017-2018,Yelahanka,Thanisandra,6,17856,5947.91
205,205,2017-2018,Yelahanka,Byatarayanapura,7,16744,2098.85
206,206,2017-2018,Yelahanka,Kodigehalli,8,8150,583.72
207,207,2017-2018,Yelahanka,Vidyaranyapura,9,14847,878.68
208,208,2017-2018,Yelahanka,Doddabommasandra,10,5339,481.57
209,209,2017-2018,Yelahanka,Kuvempunagar,11,6858,266.22
210,210,2017-2018,Dasarahalli,Shettyhalli,12,13051,575.76
211,211,2017-2018,Dasarahalli,Mallasandra,13,4910,215.77
212,212,2017-2018,Dasarahalli,Bagalagunte,14,12965,923.81
213,213,2017-2018,Dasarahalli,T. Dasarahalli,15,3743,251.88
214,214,2017-2018,RR Nagara,Jalahalli,16,3878,567.66
215,215,2017-2018,RR Nagara,J.P.Park,17,7182,579.29
216,216,2017-2018,East,Radhakrishna Temple Ward,18,6687,739.14
217,217,2017-2018,East,Sanjaynagar,19,5299,454.67
218,218,2017-2018,East,Ganganagar,20,3203,375.91
219,219,2017-2018,East,Hebbal,21,4506,381.65
220,220,2017-2018,East,Vishwanatha Nagenahalli,22,6967,449.34
221,221,2017-2018,East,Nagavara,23,7077,575.85
222,222,2017-2018,East,HBR Layout,24,12115,1002.27
223,223,2017-2018,Mahadevapura,Horamavu,25,31757,1851.53
224,224,2017-2018,Mahadevapura,Ramamurthynagar,26,14129,606.42
225,225,2017-2018,East,Banasawadi,27,10264,1119.90
226,226,2017-2018,East,Kammanahalli,28,4690,256.06
227,227,2017-2018,East,Kacharakanahalli,29,6855,684.27
228,228,2017-2018,East,Kadugondanahalli,30,3121,116.51
229,229,2017-2018,East,Kushalnagar,31,2953,116.49
230,230,2017-2018,East,Kavalbyrasandra,32,6236,380.72
231,231,2017-2018,East,Manorayanapalya,33,4006,283.57
232,232,2017-2018,East,Gangenahalli,34,2340,282.92
233,233,2017-2018,West,Aramane Nagar,35,5154,1301.20
234,234,2017-2018,West,Mathikere,36,4083,339.94
235,235,2017-2018,RR Nagara,Yeshwanthpur,37,3127,228.72
236,236,2017-2018,RR Nagara,H.M.T,38,5150,1588.98
237,237,2017-2018,Dasarahalli,Chokkasandra,39,7711,952.35
238,238,2017-2018,RR Nagara,Doddabidarakallu,40,27209,824.23
239,239,2017-2018,Dasarahalli,Peenya Industrial Area,41,5608,1870.23
240,240,2017-2018,RR Nagara,Lakshmidevinagar,42,2681,434.43
241,241,2017-2018,West,Nandini Layout,43,4938,336.75
242,242,2017-2018,West,Marappanahalli,44,4641,905.81
243,243,2017-2018,West,Malleshwaram,45,4644,538.09
244,244,2017-2018,East,Jayachamarajendra Nagar,46,4227,358.24
245,245,2017-2018,East,Devarajeevanahalli,47,1338,46.67
246,246,2017-2018,East,Muneshwaranagar,48,1688,47.47
247,247,2017-2018,East,Lingarajapura,49,4021,208.65
248,248,2017-2018,East,Benniganahalli,50,6622,1038.23
249,249,2017-2018,Mahadevapura,Vijinapura,51,5135,302.69
250,250,2017-2018,Mahadevapura,K.R.Puram,52,6448,396.32
251,251,2017-2018,Mahadevapura,Basavanapura,53,9934,408.17
252,252,2017-2018,Mahadevapura,Hoodi,54,15868,3990.54
253,253,2017-2018,Mahadevapura,Devasandra,55,2508,604.92
254,254,2017-2018,Mahadevapura,A. Narayanapura,56,5578,325.12
255,255,2017-2018,East,C.V. Ramannagar,57,11885,1060.11
256,256,2017-2018,East,Hosathippasandra,58,7514,2070.56
257,257,2017-2018,East,Maruthiseva Nagar,59,5584,792.04
258,258,2017-2018,East,Sagayapuram,60,2488,166.41
259,259,2017-2018,East,S.K. Garden,61,2182,103.53
260,260,2017-2018,East,Ramaswamy palya,62,2948,203.48
261,261,2017-2018,East,Jayamahal,63,3080,400.41
262,262,2017-2018,West,Rajmahal,64,3928,343.52
263,263,2017-2018,West,Kadumalleshwara,65,6432,873.49
264,264,2017-2018,West,Subramanyanagar,66,5269,1786.95
265,265,2017-2018,West,Nagapura,67,4956,825.68
266,266,2017-2018,West,Mahalakshmipuram,68,4222,284.29
267,267,2017-2018,RR Nagara,Laggere,69,6371,234.37
268,268,2017-2018,Dasarahalli,Rajagopalanagar,70,6680,415.19
269,269,2017-2018,Dasarahalli,Hegganahalli,71,5802,416.05
270,270,2017-2018,RR Nagara,Herohalli,72,16424,531.56
271,271,2017-2018,RR Nagara,Kottigepalya,73,12883,891.76
272,272,2017-2018,West,Shakthiganapathi nagar,74,4165,264.23
273,273,2017-2018,West,Shankaramata,75,5094,352.67
274,274,2017-2018,West,Gayathrinagar,76,3784,317.09
275,275,2017-2018,West,Dattathreya Temple,77,4179,635.88
276,276,2017-2018,East,Pulikeshinagar,78,4300,472.94
277,277,2017-2018,East,Sarvagnanagar,79,3312,468.83
278,278,2017-2018,East,Hoysalanagar,80,5486,1390.41
279,279,2017-2018,Mahadevapura,Vignananagar,81,13315,793.65
280,280,2017-2018,Mahadevapura,Garudacharpalya,82,7798,3841.07
281,281,2017-2018,Mahadevapura,Kadugodi,83,8129,690.62
282,282,2017-2018,Mahadevapura,Hagadooru,84,12834,2152.75
283,283,2017-2018,Mahadevapura,Doddanekkundi,85,22492,5594.25
284,284,2017-2018,Mahadevapura,Marathalli,86,5295,1679.65
285,285,2017-2018,Mahadevapura,HAL Airport,87,3674,183.87
286,286,2017-2018,East,Jeevanbhimanagar,88,5359,1760.86
287,287,2017-2018,East,Jogupalya,89,4768,564.57
288,288,2017-2018,East,Ulsoor,90,4769,2014.67
289,289,2017-2018,East,Bharathinagar,91,4543,352.71
290,290,2017-2018,East,Shivajinagar,92,2998,193.14
291,291,2017-2018,East,Vasanthnagar,93,5978,2852.34
292,292,2017-2018,West,Gandhinagar,94,5325,1874.21
293,293,2017-2018,West,Subhashnagar,95,2412,166.61
294,294,2017-2018,West,Okalipuram,96,2523,251.68
295,295,2017-2018,West,Dayanandanagar,97,2908,212.80
296,296,2017-2018,West,Prakashnagar,98,2922,371.73
297,297,2017-2018,West,Rajajinagar,99,3346,472.77
298,298,2017-2018,West,Basaveshwaranagar,100,3425,426.20
299,299,2017-2018,West,Kamakshipalya,101,3166,342.65
300,300,2017-2018,West,Vrushabhavathinagar,102,4801,366.23
301,301,2017-2018,West,Kaveripura,103,4692,438.07
302,302,2017-2018,West,Govindrajnagara,104,2614,388.93
303,303,2017-2018,West,Agrahara Dasarahalli,105,3091,351.78
304,304,2017-2018,West,Dr. Rajkumar Ward,106,2736,625.20
305,305,2017-2018,West,Shivanagar,107,3849,466.74
306,306,2017-2018,West,Srirammandira ward,108,4309,892.96
307,307,2017-2018,West,Chikpet,109,8969,1733.01
308,308,2017-2018,East,Sampangiramnagar,110,6340,2855.31
309,309,2017-2018,East,Shanthala Nagar,111,9683,7558.99
310,310,2017-2018,East,Domlur,112,5443,1667.20
311,311,2017-2018,East,Konena Agrahara,113,8197,1929.31
312,312,2017-2018,East,Agaram,114,2018,244.12
313,313,2017-2018,East,Vannarpet,115,3363,181.77
314,314,2017-2018,East,Neelasandra,116,1355,82.14
315,315,2017-2018,East,Shanthinagar,117,4989,713.59
316,316,2017-2018,South,Sudham Nagara,118,2981,1336.84
317,317,2017-2018,South,Dharmaraya Swamy Temple Ward,119,6995,1298.59
318,318,2017-2018,West,Cottonpet,120,4464,465.18
319,319,2017-2018,West,Binnypet,121,2865,378.33
320,320,2017-2018,South,Kempapura Agrahara,122,2297,125.36
321,321,2017-2018,South,Vijaynagar,123,3683,331.68
322,322,2017-2018,South,Hosahalli,124,3401,288.51
323,323,2017-2018,West,Marenahalli,125,3177,285.95
324,324,2017-2018,West,Maruthi Mandira Ward,126,3789,253.56
325,325,2017-2018,West,Moodalapalya,127,5270,323.93
326,326,2017-2018,West,Nagarabhavi,128,4534,301.04
327,327,2017-2018,RR Nagara,Jnanabharathi ward,129,17893,1054.89
328,328,2017-2018,RR Nagara,Ullalu,130,16128,648.38
329,329,2017-2018,West,Nayandanahalli,131,2743,227.53
330,330,2017-2018,South,Attiguppe,132,5645,479.11
331,331,2017-2018,South,Hampinagar,133,4071,442.62
332,332,2017-2018,South,Bapujinagar,134,2856,236.04
333,333,2017-2018,West,Padarayanapura,135,1381,87.38
334,334,2017-2018,West,Jagareevanram Nagar,136,1289,165.92
335,335,2017-2018,West,Rayapuram,137,1963,69.12
336,336,2017-2018,West,Chalavadipalya,138,715,25.96
337,337,2017-2018,West,K.R. Market,139,2178,348.12
338,338,2017-2018,West,Chamrajpet,140,3819,662.28
339,339,2017-2018,West,Azadnagar,141,3128,191.25
340,340,2017-2018,South,Sunkenahalli,142,5487,910.46
341,341,2017-2018,South,Vishveshwarapuram,143,5597,879.25
342,342,2017-2018,South,Siddapura,144,2035,191.90
343,343,2017-2018,South,Hombegowdanagar,145,4342,862.04
344,344,2017-2018,South,Lakkasandra,146,2869,1011.50
345,345,2017-2018,South,Adugodi,147,2391,334.24
346,346,2017-2018,South,Ejipura,148,7497,915.72
347,347,2017-2018,Mahadevapura,Varthur,149,14822,1802.58
348,348,2017-2018,Mahadevapura,Bellandur,150,26385,9267.18
349,349,2017-2018,South,Koramangala,151,8034,2605.57
350,350,2017-2018,South,Sudduguntepalya,152,4634,2209.97
351,351,2017-2018,South,Jayangar,153,4377,788.95
352,352,2017-2018,South,Basavanagudi,154,5688,611.17
353,353,2017-2018,South,Hanumanthanagar,155,3495,257.44
354,354,2017-2018,South,Srinagar,156,4412,319.07
355,355,2017-2018,South,Gali Anjaneya swamy Temple Ward,157,3452,530.57
356,356,2017-2018,South,Deepanjali Nagar,158,4100,584.27
357,357,2017-2018,RR Nagara,Kengeri,159,6469,322.96
358,358,2017-2018,RR Nagara,Rajarajeshwarinagar,160,19166,1611.88
359,359,2017-2018,South,Hosakerehalli,161,5817,331.46
360,360,2017-2018,South,Girinagar,162,5897,532.92
361,361,2017-2018,South,Katriguppe,163,5313,558.88
362,362,2017-2018,South,Vidyapeetha Ward,164,5224,419.70
363,363,2017-2018,South,Ganeshmandira Ward,165,4772,745.19
364,364,2017-2018,South,Karisandra,166,2829,591.59
365,365,2017-2018,South,Yadiyuru,167,4690,819.96
366,366,2017-2018,South,Pattabhiramnagar,168,5516,1196.84
367,367,2017-2018,South,Byrasandra,169,3827,668.42
368,368,2017-2018,South,Jayanagar East,170,3751,656.88
369,369,2017-2018,South,Gurappanapalya,171,3360,338.29
370,370,2017-2018,South,Madiwala,172,4363,702.53
371,371,2017-2018,South,Jakkasandra,173,3175,423.17
372,372,2017-2018,Bommanahalli,HSR Layout,174,14411,2676.37
373,373,2017-2018,Bommanahalli,Bommanahalli,175,6580,710.13
374,374,2017-2018,South,BTM Layout,176,8325,1319.73
375,375,2017-2018,South,J.P.Nagar,177,4887,1326.54
376,376,2017-2018,South,Sarakki,178,4930,680.65
377,377,2017-2018,South,Shakambarinagar,179,5099,826.09
378,378,2017-2018,South,Banashankari Temple Ward,180,1402,96.53
379,379,2017-2018,South,Kumaraswamylayout,181,7931,598.53
380,380,2017-2018,South,Padmanabhanagar,182,6855,551.80
381,381,2017-2018,South,Chikkallasandra,183,5494,420.32
382,382,2017-2018,Bommanahalli,Uttarahalli,184,16306,721.64
383,383,2017-2018,Bommanahalli,Yelachenahalli,185,6770,573.69
384,384,2017-2018,Bommanahalli,Jaraganahalli,186,4531,416.99
385,385,2017-2018,Bommanahalli,Puttenahalli,187,10762,1798.82
386,386,2017-2018,Bommanahalli,Bilekahalli,188,12431,1077.28
387,387,2017-2018,Bommanahalli,Hongasandra,189,6730,1098.42
388,388,2017-2018,Bommanahalli,Mangammanapalya,190,9468,1061.56
389,389,2017-2018,Bommanahalli,Singasandra,191,16030,1116.02
390,390,2017-2018,Bommanahalli,Begur,192,26948,1595.87
391,391,2017-2018,Bommanahalli,Arakere,193,13706,2064.71
392,392,2017-2018,Bommanahalli,Gottigere,194,12416,627.17
393,393,2017-2018,Bommanahalli,Konanakunte,195,15695,1035.60
394,394,2017-2018,Bommanahalli,Anjanapura,196,9233,392.40
395,395,2017-2018,Bommanahalli,Vasanthapura,197,13381,911.84
396,396,2017-2018,RR Nagara,Hemmigepura,198,19863,2033.81
397,397,2018-2019,Yelahanka,Kempegowda Ward,1,6909,594.90
398,398,2018-2019,Yelahanka,Chowdeshwari Ward,2,9238,446.67
399,399,2018-2019,Yelahanka,Attur,3,16764,904.79
400,400,2018-2019,Yelahanka,Yelahanka Satellite town,4,9957,1092.02
401,401,2018-2019,Yelahanka,Jakkur,5,24199,1675.88
402,402,2018-2019,Yelahanka,Thanisandra,6,18065,7859.39
403,403,2018-2019,Yelahanka,Byatarayanapura,7,15286,2082.09
404,404,2018-2019,Yelahanka,Kodigehalli,8,7903,642.73
405,405,2018-2019,Yelahanka,Vidyaranyapura,9,14312,939.29
406,406,2018-2019,Yelahanka,Doddabommasandra,10,5017,523.58
407,407,2018-2019,Yelahanka,Kuvempunagar,11,7683,301.71
408,408,2018-2019,Dasarahalli,Shettyhalli,12,12837,672.97
409,409,2018-2019,Dasarahalli,Mallasandra,13,4509,232.95
410,410,2018-2019,Dasarahalli,Bagalagunte,14,12525,976.92
411,411,2018-2019,Dasarahalli,T. Dasarahalli,15,3569,274.87
412,412,2018-2019,RR Nagara,Jalahalli,16,3759,504.64
413,413,2018-2019,RR Nagara,J.P.Park,17,7017,625.23
414,414,2018-2019,East,Radhakrishna Temple Ward,18,6455,742.91
415,415,2018-2019,East,Sanjaynagar,19,5307,502.85
416,416,2018-2019,East,Ganganagar,20,2951,381.70
417,417,2018-2019,East,Hebbal,21,4050,352.20
418,418,2018-2019,East,Vishwanatha Nagenahalli,22,6696,471.33
419,419,2018-2019,East,Nagavara,23,7831,618.15
420,420,2018-2019,East,HBR Layout,24,11493,1144.95
421,421,2018-2019,Mahadevapura,Horamavu,25,33011,2206.51
422,422,2018-2019,Mahadevapura,Ramamurthynagar,26,13833,668.16
423,423,2018-2019,East,Banasawadi,27,9709,1223.75
424,424,2018-2019,East,Kammanahalli,28,5015,300.54
425,425,2018-2019,East,Kacharakanahalli,29,6517,752.59
426,426,2018-2019,East,Kadugondanahalli,30,3169,123.02
427,427,2018-2019,East,Kushalnagar,31,2631,128.60
428,428,2018-2019,East,Kavalbyrasandra,32,5623,400.51
429,429,2018-2019,East,Manorayanapalya,33,3870,317.58
430,430,2018-2019,East,Gangenahalli,34,2303,291.70
431,431,2018-2019,West,Aramane Nagar,35,5053,1320.10
432,432,2018-2019,West,Mathikere,36,4148,401.73
433,433,2018-2019,RR Nagara,Yeshwanthpur,37,2947,217.81
434,434,2018-2019,RR Nagara,H.M.T,38,4868,1586.86
435,435,2018-2019,Dasarahalli,Chokkasandra,39,7494,1093.63
436,436,2018-2019,RR Nagara,Doddabidarakallu,40,24199,855.83
437,437,2018-2019,Dasarahalli,Peenya Industrial Area,41,5923,1725.52
438,438,2018-2019,RR Nagara,Lakshmidevinagar,42,2552,439.58
439,439,2018-2019,West,Nandini Layout,43,4580,356.83
440,440,2018-2019,West,Marappanahalli,44,4215,932.95
441,441,2018-2019,West,Malleshwaram,45,4533,603.70
442,442,2018-2019,East,Jayachamarajendra Nagar,46,4267,420.88
443,443,2018-2019,East,Devarajeevanahalli,47,1209,49.82
444,444,2018-2019,East,Muneshwaranagar,48,1630,56.81
445,445,2018-2019,East,Lingarajapura,49,4635,234.38
446,446,2018-2019,East,Benniganahalli,50,6253,1067.83
447,447,2018-2019,Mahadevapura,Vijinapura,51,6027,393.61
448,448,2018-2019,Mahadevapura,K.R.Puram,52,6409,448.59
449,449,2018-2019,Mahadevapura,Basavanapura,53,10669,504.97
450,450,2018-2019,Mahadevapura,Hoodi,54,19706,4698.24
451,451,2018-2019,Mahadevapura,Devasandra,55,2563,1446.68
452,452,2018-2019,Mahadevapura,A. Narayanapura,56,5662,542.85
453,453,2018-2019,East,C.V. Ramannagar,57,11021,1081.67
454,454,2018-2019,East,Hosathippasandra,58,6879,2134.96
455,455,2018-2019,East,Maruthiseva Nagar,59,5291,1459.30
456,456,2018-2019,East,Sagayapuram,60,3276,215.64
457,457,2018-2019,East,S.K. Garden,61,2053,101.80
458,458,2018-2019,East,Ramaswamy palya,62,2889,298.65
459,459,2018-2019,East,Jayamahal,63,2981,431.01
460,460,2018-2019,West,Rajmahal,64,4053,393.49
461,461,2018-2019,West,Kadumalleshwara,65,6501,938.47
462,462,2018-2019,West,Subramanyanagar,66,5165,1875.87
463,463,2018-2019,West,Nagapura,67,4846,906.42
464,464,2018-2019,West,Mahalakshmipuram,68,4212,319.30
465,465,2018-2019,RR Nagara,Laggere,69,6231,267.09
466,466,2018-2019,Dasarahalli,Rajagopalanagar,70,6351,484.04
467,467,2018-2019,Dasarahalli,Hegganahalli,71,5130,417.52
468,468,2018-2019,RR Nagara,Herohalli,72,14645,534.85
469,469,2018-2019,RR Nagara,Kottigepalya,73,12241,897.97
470,470,2018-2019,West,Shakthiganapathi nagar,74,4003,282.88
471,471,2018-2019,West,Shankaramata,75,4993,384.24
472,472,2018-2019,West,Gayathrinagar,76,3784,337.52
473,473,2018-2019,West,Dattathreya Temple,77,4098,752.54
474,474,2018-2019,East,Pulikeshinagar,78,3903,492.21
475,475,2018-2019,East,Sarvagnanagar,79,3071,480.47
476,476,2018-2019,East,Hoysalanagar,80,5345,1458.83
477,477,2018-2019,Mahadevapura,Vignananagar,81,13190,855.24
478,478,2018-2019,Mahadevapura,Garudacharpalya,82,8276,4874.76
479,479,2018-2019,Mahadevapura,Kadugodi,83,9980,861.29
480,480,2018-2019,Mahadevapura,Hagadooru,84,13668,2134.06
481,481,2018-2019,Mahadevapura,Doddanekkundi,85,23242,5885.04
482,482,2018-2019,Mahadevapura,Marathalli,86,4795,1654.08
483,483,2018-2019,Mahadevapura,HAL Airport,87,3470,190.11
484,484,2018-2019,East,Jeevanbhimanagar,88,5192,1417.73
485,485,2018-2019,East,Jogupalya,89,4569,582.03
486,486,2018-2019,East,Ulsoor,90,4649,2134.93
487,487,2018-2019,East,Bharathinagar,91,4410,364.59
488,488,2018-2019,East,Shivajinagar,92,2671,203.29
489,489,2018-2019,East,Vasanthnagar,93,5802,3013.11
490,490,2018-2019,West,Gandhinagar,94,5082,1830.87
491,491,2018-2019,West,Subhashnagar,95,2325,984.40
492,492,2018-2019,West,Okalipuram,96,2352,234.93
493,493,2018-2019,West,Dayanandanagar,97,2787,234.74
494,494,2018-2019,West,Prakashnagar,98,2798,371.05
495,495,2018-2019,West,Rajajinagar,99,3339,504.04
496,496,2018-2019,West,Basaveshwaranagar,100,3400,485.14
497,497,2018-2019,West,Kamakshipalya,101,3038,355.35
498,498,2018-2019,West,Vrushabhavathinagar,102,4524,374.65
499,499,2018-2019,West,Kaveripura,103,4528,445.77
500,500,2018-2019,West,Govindrajnagara,104,2617,426.27
501,501,2018-2019,West,Agrahara Dasarahalli,105,3001,385.98
502,502,2018-2019,West,Dr. Rajkumar Ward,106,2501,649.31
503,503,2018-2019,West,Shivanagar,107,3754,491.66
504,504,2018-2019,West,Srirammandira ward,108,4465,999.76
505,505,2018-2019,West,Chikpet,109,9265,1936.07
506,506,2018-2019,East,Sampangiramnagar,110,6229,2975.29
507,507,2018-2019,East,Shanthala Nagar,111,9308,8207.45
508,508,2018-2019,East,Domlur,112,5254,1661.60
509,509,2018-2019,East,Konena Agrahara,113,7716,1946.32
510,510,2018-2019,East,Agaram,114,1927,248.83
511,511,2018-2019,East,Vannarpet,115,3070,179.89
512,512,2018-2019,East,Neelasandra,116,1151,71.02
513,513,2018-2019,East,Shanthinagar,117,4765,716.16
514,514,2018-2019,South,Sudham Nagara,118,2862,1372.57
515,515,2018-2019,South,Dharmaraya Swamy Temple Ward,119,6998,1438.49
516,516,2018-2019,West,Cottonpet,120,4564,561.95
517,517,2018-2019,West,Binnypet,121,2783,432.59
518,518,2018-2019,South,Kempapura Agrahara,122,2350,137.13
519,519,2018-2019,South,Vijaynagar,123,3668,522.37
520,520,2018-2019,South,Hosahalli,124,3328,325.67
521,521,2018-2019,West,Marenahalli,125,3229,332.24
522,522,2018-2019,West,Maruthi Mandira Ward,126,3738,289.38
523,523,2018-2019,West,Moodalapalya,127,5113,340.04
524,524,2018-2019,West,Nagarabhavi,128,4348,353.63
525,525,2018-2019,RR Nagara,Jnanabharathi ward,129,17284,1193.28
526,526,2018-2019,RR Nagara,Ullalu,130,14775,697.60
527,527,2018-2019,West,Nayandanahalli,131,2809,262.83
528,528,2018-2019,South,Attiguppe,132,5470,570.77
529,529,2018-2019,South,Hampinagar,133,3941,463.19
530,530,2018-2019,South,Bapujinagar,134,2969,246.86
531,531,2018-2019,West,Padarayanapura,135,1285,81.04
532,532,2018-2019,West,Jagareevanram Nagar,136,1242,187.60
533,533,2018-2019,West,Rayapuram,137,1868,77.81
534,534,2018-2019,West,Chalavadipalya,138,577,22.81
535,535,2018-2019,West,K.R. Market,139,2084,331.61
536,536,2018-2019,West,Chamrajpet,140,3706,714.25
537,537,2018-2019,West,Azadnagar,141,3060,200.58
538,538,2018-2019,South,Sunkenahalli,142,5474,1007.73
539,539,2018-2019,South,Vishveshwarapuram,143,5283,941.14
540,540,2018-2019,South,Siddapura,144,2071,221.55
541,541,2018-2019,South,Hombegowdanagar,145,4160,876.20
542,542,2018-2019,South,Lakkasandra,146,2886,1336.29
543,543,2018-2019,South,Adugodi,147,2142,369.87
544,544,2018-2019,South,Ejipura,148,7360,964.08
545,545,2018-2019,Mahadevapura,Varthur,149,15591,1884.75
546,546,2018-2019,Mahadevapura,Bellandur,150,29767,10299.19
547,547,2018-2019,South,Koramangala,151,8038,2984.20
548,548,2018-2019,South,Sudduguntepalya,152,4399,1842.36
549,549,2018-2019,South,Jayangar,153,4277,849.29
550,550,2018-2019,South,Basavanagudi,154,5492,628.61
551,551,2018-2019,South,Hanumanthanagar,155,3612,290.81
552,552,2018-2019,South,Srinagar,156,4383,358.69
553,553,2018-2019,South,Dharmaraya Swamy Temple Ward,119,3535,530.35
554,554,2018-2019,South,Deepanjali Nagar,158,4081,568.29
555,555,2018-2019,RR Nagara,Kengeri,159,6362,368.25
556,556,2018-2019,RR Nagara,Rajarajeshwarinagar,160,18412,1677.68
557,557,2018-2019,South,Hosakerehalli,161,5646,391.00
558,558,2018-2019,South,Girinagar,162,5762,573.90
559,559,2018-2019,South,Katriguppe,163,5738,647.80
560,560,2018-2019,South,Vidyapeetha Ward,164,5152,479.48
561,561,2018-2019,South,Ganeshmandira Ward,165,4701,809.56
562,562,2018-2019,South,Karisandra,166,2722,624.92
563,563,2018-2019,South,Yadiyuru,167,4568,826.08
564,564,2018-2019,South,Pattabhiramnagar,168,5589,1311.11
565,565,2018-2019,South,Byrasandra,169,3785,802.90
566,566,2018-2019,South,Jayanagar East,170,3668,702.47
567,567,2018-2019,South,Gurappanapalya,171,3267,365.08
568,568,2018-2019,South,Madiwala,172,4128,767.25
569,569,2018-2019,South,Jakkasandra,173,2998,448.41
570,570,2018-2019,Bommanahalli,HSR Layout,174,13576,2790.27
571,571,2018-2019,Bommanahalli,Bommanahalli,175,6083,834.91
572,572,2018-2019,South,BTM Layout,176,7779,1414.49
573,573,2018-2019,South,J.P.Nagar,177,4865,1413.94
574,574,2018-2019,South,Sarakki,178,4770,743.87
575,575,2018-2019,South,Shakambarinagar,179,5194,875.85
576,576,2018-2019,South,Banashankari Temple Ward,180,1487,110.72
577,577,2018-2019,South,Kumaraswamylayout,181,7537,668.84
578,578,2018-2019,South,Padmanabhanagar,182,6654,581.99
579,579,2018-2019,South,Chikkallasandra,183,5261,435.83
580,580,2018-2019,Bommanahalli,Uttarahalli,184,16004,843.20
581,581,2018-2019,Bommanahalli,Yelachenahalli,185,6566,609.93
582,582,2018-2019,Bommanahalli,Jaraganahalli,186,4087,422.89
583,583,2018-2019,Bommanahalli,Puttenahalli,187,10190,1623.51
584,584,2018-2019,Bommanahalli,Bilekahalli,188,12039,1256.49
585,585,2018-2019,Bommanahalli,Hongasandra,189,6210,1101.05
586,586,2018-2019,Bommanahalli,Mangammanapalya,190,8672,1062.28
587,587,2018-2019,Bommanahalli,Singasandra,191,15189,1262.66
588,588,2018-2019,Bommanahalli,Begur,192,27075,1775.73
589,589,2018-2019,Bommanahalli,Arakere,193,13094,1640.70
590,590,2018-2019,Bommanahalli,Gottigere,194,11650,691.50
591,591,2018-2019,Bommanahalli,Konanakunte,195,14410,1044.82
592,592,2018-2019,Bommanahalli,Anjanapura,196,8170,411.90
593,593,2018-2019,Bommanahalli,Vasanthapura,197,13272,1021.87
594,594,2018-2019,RR Nagara,Hemmigepura,198,18762,1892.88
